{"train": {"loss": {"steps": [32, 64, 96, 128, 160, 192, 224, 256, 288, 320, 352, 384, 416, 448, 480, 512, 544, 576, 608, 640, 672, 704, 736, 768, 800, 832, 864, 896, 928, 960, 992, 1024, 1056, 1088, 1120, 1152, 1184, 1216, 1248, 1280, 1312, 1344, 1376, 1408, 1440, 1472, 1504, 1536, 1568, 1600, 1632, 1664, 1696, 1728, 1760, 1792, 1824, 1856, 1888, 1920, 1952, 1984, 2016, 2048, 2080, 2112, 2144, 2176, 2208, 2240, 2272, 2304, 2336, 2368, 2400, 2432, 2464, 2496, 2528, 2560, 2592, 2624, 2656, 2688, 2720, 2752, 2784, 2816, 2848, 2880, 2912, 2944, 2976, 3008, 3040, 3072, 3104, 3136, 3168, 3200, 3232, 3264, 3296, 3328, 3360, 3392, 3424, 3456, 3488, 3520], "values": [0.6894623041152954, 0.6450618505477905, 0.584519624710083, 0.5295512676239014, 0.496013343334198, 0.43521812558174133, 0.4009628891944885, 0.38317522406578064, 0.3642261028289795, 0.3647112250328064, 0.36422908306121826, 0.36537978053092957, 0.3571951985359192, 0.34582722187042236, 0.3428918719291687, 0.3473212420940399, 0.3313869833946228, 0.3039761483669281, 0.30749571323394775, 0.2964433431625366, 0.2847065329551697, 0.2878846526145935, 0.2629481852054596, 0.26139411330223083, 0.2673618197441101, 0.24001899361610413, 0.20758837461471558, 0.2199210822582245, 0.20803207159042358, 0.2123546600341797, 0.19848139584064484, 0.1981174796819687, 0.18059971928596497, 0.18381549417972565, 0.1792311668395996, 0.1923137903213501, 0.19384820759296417, 0.16295036673545837, 0.15347272157669067, 0.17700421810150146, 0.13403692841529846, 0.15231941640377045, 0.12388141453266144, 0.15328991413116455, 0.16574765741825104, 0.13430534303188324, 0.11671139299869537, 0.11917450278997421, 0.13412600755691528, 0.12404926866292953, 0.1102880984544754, 0.1343993842601776, 0.10520327091217041, 0.12258157134056091, 0.11322487890720367, 0.12590646743774414, 0.10783423483371735, 0.11481405794620514, 0.10349161922931671, 0.08303497731685638, 0.10264559835195541, 0.09686806797981262, 0.10097210109233856, 0.12929870188236237, 0.1101977527141571, 0.0686153918504715, 0.09475855529308319, 0.06780915707349777, 0.07261418551206589, 0.11297829449176788, 0.06981996446847916, 0.07213368266820908, 0.040061213076114655, 0.07714162766933441, 0.059459537267684937, 0.06804317981004715, 0.07345978915691376, 0.1369953751564026, 0.08455067873001099, 0.058789514005184174, 0.06144629791378975, 0.07373320311307907, 0.074652299284935, 0.05865011736750603, 0.04445204138755798, 0.10188399255275726, 0.055738359689712524, 0.04790530353784561, 0.06223002448678017, 0.06035134568810463, 0.05026905611157417, 0.041369885206222534, 0.043776482343673706, 0.05657041072845459, 0.035262733697891235, 0.059479303658008575, 0.053428735584020615, 0.07087039947509766, 0.05874081701040268, 0.06424328684806824, 0.061306074261665344, 0.04559638351202011, 0.08269067108631134, 0.0642247125506401, 0.07034406810998917, 0.041431527584791183, 0.0737256109714508, 0.04294155538082123, 0.0592370331287384, 0.057898808270692825]}}, "meta": {"lr": {"steps": [32, 64, 96, 128, 160, 192, 224, 256, 288, 320, 352, 384, 416, 448, 480, 512, 544, 576, 608, 640, 672, 704, 736, 768, 800, 832, 864, 896, 928, 960, 992, 1024, 1056, 1088, 1120, 1152, 1184, 1216, 1248, 1280, 1312, 1344, 1376, 1408, 1440, 1472, 1504, 1536, 1568, 1600, 1632, 1664, 1696, 1728, 1760, 1792, 1824, 1856, 1888, 1920, 1952, 1984, 2016, 2048, 2080, 2112, 2144, 2176, 2208, 2240, 2272, 2304, 2336, 2368, 2400, 2432, 2464, 2496, 2528, 2560, 2592, 2624, 2656, 2688, 2720, 2752, 2784, 2816, 2848, 2880, 2912, 2944, 2976, 3008, 3040, 3072, 3104, 3136, 3168, 3200, 3232, 3264, 3296, 3328, 3360, 3392, 3424, 3456, 3488, 3520], "values": [0.0009997960964140947, 0.0009991845519630679, 0.0009981658654313456, 0.0009967408676742752, 0.0009949107209404665, 0.0009926769179238466, 0.0009900412805461966, 0.0009870059584711668, 0.0009835734273509786, 0.0009797464868072487, 0.0009755282581475768, 0.0009709221818197624, 0.0009659320146057262, 0.0009605618265574251, 0.0009548159976772592, 0.0009486992143456792, 0.0009422164654989072, 0.0009353730385598887, 0.0009281745151257945, 0.0009206267664155906, 0.000912735948481387, 0.0009045084971874737, 0.0008959511229611376, 0.0008870708053195413, 0.0008778747871771292, 0.0008683705689382025, 0.0008585659023794818, 0.0008484687843276469, 0.0008380874501370098, 0.0008274303669726426, 0.0008165062269044352, 0.0008053239398177191, 0.0007938926261462366, 0.0007822216094333848, 0.0007703204087277988, 0.000758198730819481, 0.000745866462322802, 0.0007333336616128369, 0.0007206105506216106, 0.0007077075065009433, 0.0006946350531586958, 0.0006814038526753205, 0.000668024696607715, 0.0006545084971874737, 0.0006408662784207149, 0.0006271091670967436, 0.0006132483837128823, 0.0005992952333228728, 0.0005852610963163119, 0.0005711574191366427, 0.0005569957049452703, 0.0005427875042394199, 0.000528544405431384, 0.0005142780253968481, 0.0005, 0.0004857219746031519, 0.000471455594568616, 0.0004572124957605803, 0.0004430042950547297, 0.0004288425808633575, 0.0004147389036836881, 0.00040070476667712743, 0.00038675161628711776, 0.00037289083290325663, 0.0003591337215792851, 0.00034549150281252633, 0.00033197530339228485, 0.00031859614732467957, 0.0003053649468413043, 0.0002922924934990568, 0.0002793894493783892, 0.00026666633838716316, 0.00025413353767719804, 0.00024180126918051909, 0.0002296795912722014, 0.00021777839056661552, 0.00020610737385376348, 0.0001946760601822809, 0.00018349377309556487, 0.0001725696330273575, 0.00016191254986299043, 0.00015153121567235335, 0.0001414340976205183, 0.00013162943106179747, 0.00012212521282287093, 0.00011292919468045875, 0.0001040488770388625, 9.549150281252633e-05, 8.7264051518613e-05, 7.937323358440934e-05, 7.182548487420554e-05, 6.462696144011149e-05, 5.778353450109286e-05, 5.130078565432089e-05, 4.518400232274078e-05, 3.9438173442575e-05, 3.406798539427386e-05, 2.9077818180237692e-05, 2.4471741852423235e-05, 2.025351319275137e-05, 1.6426572649021475e-05, 1.2994041528833267e-05, 9.958719453803277e-06, 7.323082076153509e-06, 5.089279059533658e-06, 3.2591323257248896e-06, 1.8341345686543331e-06, 8.15448036932176e-07, 2.0390358590538505e-07, 0.0]}}, "validation": {"loss": {"steps": [704, 1408, 2112, 2816, 3520], "values": [0.35601571202278137, 0.16633673012256622, 0.11889957636594772, 0.09746157377958298, 0.08593574166297913]}, "ROC_AUC": {"steps": [704, 1408, 2112, 2816, 3520], "values": [0.8919955076895889, 0.9657870729755633, 0.9809261180847735, 0.9843727136114977, 0.9904936321062233]}}}