{"train": {"loss": {"steps": [16, 32, 48, 64, 80, 96, 112, 128, 144, 160, 176, 192, 208, 224, 240, 256, 272, 288, 304, 320, 336, 352, 368, 384, 400, 416, 432, 448, 464, 480, 496, 512, 528, 544, 560, 576, 592, 608, 624, 640, 656, 672, 688, 704, 720, 736, 752, 768, 784, 800, 816, 832, 848, 864, 880, 896, 912, 928, 944, 960, 976, 992, 1008, 1024, 1040, 1056, 1072, 1088, 1104, 1120, 1136, 1152, 1168, 1184, 1200, 1216, 1232, 1248, 1264, 1280, 1296, 1312, 1328, 1344, 1360, 1376, 1392, 1408, 1424, 1440, 1456, 1472, 1488, 1504, 1520, 1536, 1552, 1568, 1584, 1600], "values": [2.651315689086914, 2.6495490074157715, 2.4265456199645996, 2.280083656311035, 2.110631227493286, 1.9987837076187134, 1.910356044769287, 1.8092483282089233, 1.757181167602539, 1.6888630390167236, 1.6310410499572754, 1.5999826192855835, 1.5610963106155396, 1.5267643928527832, 1.512756109237671, 1.4942913055419922, 1.4618332386016846, 1.4484474658966064, 1.4336059093475342, 1.4112924337387085, 1.3951139450073242, 1.3833396434783936, 1.3637821674346924, 1.3530646562576294, 1.341098427772522, 1.3276387453079224, 1.3126707077026367, 1.3025187253952026, 1.3061442375183105, 1.2924249172210693, 1.2826799154281616, 1.2785348892211914, 1.2743279933929443, 1.26161527633667, 1.2599785327911377, 1.245589017868042, 1.239591360092163, 1.2372418642044067, 1.2318171262741089, 1.2206718921661377, 1.2196851968765259, 1.2140878438949585, 1.2082597017288208, 1.2040365934371948, 1.2029507160186768, 1.1974648237228394, 1.1932350397109985, 1.1879785060882568, 1.1829206943511963, 1.180782675743103, 1.1788376569747925, 1.1793047189712524, 1.1715459823608398, 1.1666069030761719, 1.1640870571136475, 1.1578916311264038, 1.1641695499420166, 1.1659198999404907, 1.159968614578247, 1.1621448993682861, 1.1538829803466797, 1.1499192714691162, 1.1551620960235596, 1.1476325988769531, 1.144574522972107, 1.142506718635559, 1.138124942779541, 1.1333471536636353, 1.1441807746887207, 1.134077787399292, 1.1378509998321533, 1.1303393840789795, 1.140986442565918, 1.1279786825180054, 1.132088541984558, 1.1299684047698975, 1.133960247039795, 1.1366872787475586, 1.1315895318984985, 1.1224205493927002, 1.1309967041015625, 1.1312968730926514, 1.1323058605194092, 1.1274482011795044, 1.127455711364746, 1.1265590190887451, 1.1336674690246582, 1.1244518756866455, 1.1138876676559448, 1.1075513362884521, 1.1249276399612427, 1.1268212795257568, 1.1195396184921265, 1.1126707792282104, 1.1260273456573486, 1.1233450174331665, 1.1241298913955688, 1.1199607849121094, 1.1222922801971436, 1.1233487129211426]}}, "meta": {"lr": {"steps": [16, 32, 48, 64, 80, 96, 112, 128, 144, 160, 176, 192, 208, 224, 240, 256, 272, 288, 304, 320, 336, 352, 368, 384, 400, 416, 432, 448, 464, 480, 496, 512, 528, 544, 560, 576, 592, 608, 624, 640, 656, 672, 688, 704, 720, 736, 752, 768, 784, 800, 816, 832, 848, 864, 880, 896, 912, 928, 944, 960, 976, 992, 1008, 1024, 1040, 1056, 1072, 1088, 1104, 1120, 1136, 1152, 1168, 1184, 1200, 1216, 1232, 1248, 1264, 1280, 1296, 1312, 1328, 1344, 1360, 1376, 1392, 1408, 1424, 1440, 1456, 1472, 1488, 1504, 1520, 1536, 1552, 1568, 1584, 1600], "values": [0.0009997532801828658, 0.0009990133642141358, 0.00099778098230154, 0.000996057350657239, 0.0009938441702975688, 0.0009911436253643444, 0.0009879583809693738, 0.0009842915805643156, 0.0009801468428384716, 0.0009755282581475768, 0.0009704403844771128, 0.0009648882429441257, 0.0009588773128419905, 0.0009524135262330098, 0.0009455032620941839, 0.0009381533400219318, 0.0009303710135019718, 0.0009221639627510075, 0.0009135402871372809, 0.0009045084971874737, 0.0008950775061878452, 0.0008852566213878947, 0.0008750555348152298, 0.0008644843137107057, 0.0008535533905932737, 0.0008422735529643444, 0.0008306559326618259, 0.0008187119948743449, 0.0008064535268264883, 0.0007938926261462366, 0.0007810416889260653, 0.0007679133974894983, 0.0007545207078751857, 0.0007408768370508576, 0.0007269952498697733, 0.0007128896457825364, 0.0006985739453173903, 0.0006840622763423391, 0.0006693689601226458, 0.0006545084971874737, 0.0006394955530196147, 0.0006243449435824276, 0.0006090716206982714, 0.0005936906572928624, 0.0005782172325201155, 0.0005626666167821521, 0.0005470541566592572, 0.0005313952597646568, 0.0005157053795390641, 0.0005, 0.00048429462046093585, 0.0004686047402353433, 0.00045294584334074284, 0.00043733338321784784, 0.0004217827674798845, 0.0004063093427071376, 0.0003909283793017289, 0.0003756550564175727, 0.0003605044469803854, 0.00034549150281252633, 0.0003306310398773543, 0.00031593772365766105, 0.00030142605468260977, 0.00028711035421746366, 0.00027300475013022663, 0.0002591231629491423, 0.00024547929212481435, 0.00023208660251050156, 0.0002189583110739348, 0.00020610737385376348, 0.00019354647317351188, 0.00018128800512565513, 0.00016934406733817414, 0.00015772644703565563, 0.00014644660940672628, 0.00013551568628929433, 0.0001249444651847702, 0.00011474337861210544, 0.00010492249381215479, 9.549150281252633e-05, 8.645971286271903e-05, 7.783603724899258e-05, 6.962898649802824e-05, 6.184665997806832e-05, 5.449673790581611e-05, 4.758647376699032e-05, 4.112268715800943e-05, 3.5111757055874326e-05, 2.9559615522887274e-05, 2.4471741852423235e-05, 1.985315716152847e-05, 1.5708419435684463e-05, 1.2041619030626282e-05, 8.856374635655695e-06, 6.15582970243117e-06, 3.942649342761117e-06, 2.219017698460002e-06, 9.866357858642206e-07, 2.467198171342e-07, 0.0]}}, "validation": {"loss": {"steps": [320, 640, 960, 1280, 1600], "values": [1.2676527500152588, 1.2430938482284546, 1.157527208328247, 1.1257092952728271, 1.117818832397461]}, "IoU": {"steps": [320, 640, 960, 1280, 1600], "values": [5.172002442357648e-05, 0.08092761790274078, 0.3066103882445537, 0.37259429048133885, 0.3351373943515082]}}}