{"train": {"loss": {"steps": [4, 8, 12, 16, 20, 24, 28, 32, 36, 40, 44, 48, 52, 56, 60, 64, 68, 72, 76, 80, 84, 88, 92, 96, 100, 104, 108, 112, 116, 120, 124, 128, 132, 136, 140, 144, 148, 152, 156, 160], "values": [1.3114986419677734, 1.1612850427627563, 1.0141820907592773, 0.9904147386550903, 0.880077600479126, 0.8030994534492493, 0.7462385892868042, 0.7085344791412354, 0.6044299006462097, 0.5899070501327515, 0.5095809698104858, 0.4488022029399872, 0.38995468616485596, 0.37496525049209595, 0.3332909941673279, 0.2929173409938812, 0.27983558177948, 0.25741130113601685, 0.22564290463924408, 0.21535025537014008, 0.22583895921707153, 0.19557306170463562, 0.17913784086704254, 0.17321531474590302, 0.16691310703754425, 0.16431276500225067, 0.16315747797489166, 0.15593579411506653, 0.15612074732780457, 0.14091335237026215, 0.1485850214958191, 0.15036562085151672, 0.14152096211910248, 0.14945876598358154, 0.1413896679878235, 0.13908374309539795, 0.13199850916862488, 0.14177048206329346, 0.14101147651672363, 0.15051773190498352]}}, "meta": {"lr": {"steps": [4, 8, 12, 16, 20, 24, 28, 32, 36, 40, 44, 48, 52, 56, 60, 64, 68, 72, 76, 80, 84, 88, 92, 96, 100, 104, 108, 112, 116, 120, 124, 128, 132, 136, 140, 144, 148, 152, 156, 160], "values": [0.000998458666866564, 0.0009938441702975688, 0.0009861849601988384, 0.0009755282581475768, 0.0009619397662556434, 0.0009455032620941839, 0.0009263200821770461, 0.0009045084971874737, 0.0008802029828000156, 0.0008535533905932737, 0.0008247240241650918, 0.0007938926261462366, 0.0007612492823579744, 0.0007269952498697733, 0.000691341716182545, 0.0006545084971874737, 0.0006167226819279528, 0.0005782172325201155, 0.0005392295478639225, 0.0005, 0.0004607704521360776, 0.0004217827674798845, 0.00038327731807204744, 0.00034549150281252633, 0.0003086582838174551, 0.00027300475013022663, 0.00023875071764202561, 0.00020610737385376348, 0.00017527597583490823, 0.00014644660940672628, 0.00011979701719998454, 9.549150281252633e-05, 7.367991782295391e-05, 5.449673790581611e-05, 3.806023374435663e-05, 2.4471741852423235e-05, 1.3815039801161721e-05, 6.15582970243117e-06, 1.541333133436018e-06, 0.0]}}, "validation": {"loss": {"steps": [16, 32, 48, 64, 80, 96, 112, 128, 144, 160], "values": [1.1892902851104736, 0.723206639289856, 0.4194192886352539, 0.40146100521087646, 0.3226395845413208, 0.28374001383781433, 0.19842331111431122, 0.1654520332813263, 0.1487577110528946, 0.14112228155136108]}, "IoU": {"steps": [16, 32, 48, 64, 80, 96, 112, 128, 144, 160], "values": [0.09850289328744471, 0.46691691915924527, 0.6543826948431969, 0.7273399871981003, 0.7652621239263796, 0.7849353417755988, 0.8681585750327723, 0.8959079971328836, 0.9104644167055996, 0.9178109547228768]}}}