{"train": {"loss": {"steps": [16, 32, 48, 64, 80, 96, 112, 128, 144, 160, 176, 192, 208, 224, 240, 256, 272, 288, 304, 320, 336, 352, 368, 384, 400, 416, 432, 448, 464, 480, 496, 512, 528, 544, 560, 576, 592, 608, 624, 640, 656, 672, 688, 704, 720, 736, 752, 768, 784, 800, 816, 832, 848, 864, 880, 896, 912, 928, 944, 960, 976, 992, 1008, 1024, 1040, 1056, 1072, 1088, 1104, 1120, 1136, 1152, 1168, 1184, 1200, 1216, 1232, 1248, 1264, 1280, 1296, 1312, 1328, 1344, 1360, 1376, 1392, 1408, 1424, 1440, 1456, 1472, 1488, 1504, 1520, 1536, 1552, 1568, 1584, 1600, 1616, 1632, 1648, 1664, 1680, 1696, 1712, 1728, 1744, 1760, 1776, 1792, 1808, 1824, 1840, 1856, 1872, 1888, 1904, 1920, 1936, 1952, 1968, 1984, 2000, 2016, 2032, 2048, 2064, 2080, 2096, 2112, 2128, 2144, 2160, 2176, 2192, 2208, 2224, 2240, 2256, 2272, 2288, 2304, 2320, 2336, 2352, 2368, 2384, 2400, 2416, 2432, 2448, 2464, 2480, 2496, 2512, 2528, 2544, 2560, 2576, 2592, 2608, 2624, 2640, 2656, 2672, 2688, 2704, 2720, 2736, 2752, 2768, 2784, 2800, 2816, 2832, 2848, 2864, 2880, 2896, 2912, 2928, 2944, 2960, 2976, 2992, 3008, 3024, 3040, 3056, 3072, 3088, 3104, 3120, 3136, 3152, 3168, 3184, 3200, 3216, 3232, 3248, 3264, 3280, 3296, 3312, 3328, 3344, 3360], "values": [1.8089662790298462, 1.4913991689682007, 1.3660883903503418, 1.4747529029846191, 1.3573179244995117, 1.1860017776489258, 1.161827564239502, 1.0836220979690552, 1.2646445035934448, 1.0850344896316528, 0.951441764831543, 0.8993496894836426, 0.9938806891441345, 0.8473595976829529, 0.8424537777900696, 0.9388561844825745, 0.7080124020576477, 0.7411148548126221, 0.9483286142349243, 0.8664574027061462, 0.7554168701171875, 0.6599482297897339, 0.568044126033783, 0.6159771680831909, 0.7126498222351074, 0.6086755990982056, 0.5022568106651306, 0.5352450609207153, 0.6587502360343933, 0.49050164222717285, 0.6426811218261719, 0.554771900177002, 0.7502294182777405, 0.7588703632354736, 0.7332507967948914, 0.49962013959884644, 0.5970600247383118, 0.9250603914260864, 0.49093905091285706, 0.6307840943336487, 0.7227911949157715, 0.7795364856719971, 0.4539880156517029, 0.8006378412246704, 0.731887698173523, 0.49115630984306335, 0.6416075825691223, 0.5975224375724792, 0.5924949645996094, 0.5963144302368164, 0.6330145597457886, 0.6045262813568115, 0.5848556756973267, 0.7204724550247192, 0.516348659992218, 0.5589813590049744, 0.6337626576423645, 0.8095005750656128, 0.6459167003631592, 0.6383260488510132, 0.46164941787719727, 0.5118290781974792, 0.4690272808074951, 0.5712320804595947, 0.4039008617401123, 0.4452987611293793, 0.5158212780952454, 0.5564833879470825, 0.537182092666626, 0.5669430494308472, 0.41566115617752075, 0.5762929320335388, 0.5262124538421631, 0.4693356454372406, 0.6488835215568542, 0.8011525869369507, 0.40451550483703613, 0.5609672665596008, 0.39824098348617554, 0.48107144236564636, 0.44694021344184875, 0.46344101428985596, 0.6648281216621399, 0.32398921251296997, 0.41205501556396484, 0.3501095473766327, 0.3937537670135498, 0.4244565963745117, 0.5119653940200806, 0.47507548332214355, 0.42297279834747314, 0.6972308158874512, 0.4122850298881531, 0.45804864168167114, 0.34013086557388306, 0.3659701347351074, 0.4345373511314392, 0.4006997346878052, 0.42999041080474854, 0.47122928500175476, 0.4992237687110901, 0.46596142649650574, 0.6362705826759338, 0.3694218099117279, 0.3949145972728729, 0.5843214988708496, 0.3647609353065491, 0.37773028016090393, 0.3684226870536804, 0.46332451701164246, 0.6663919687271118, 0.4010899066925049, 0.4055989384651184, 0.43469786643981934, 0.35459470748901367, 0.5350837707519531, 0.4211868643760681, 0.4461614489555359, 0.5357889533042908, 0.4211561977863312, 0.43070757389068604, 0.45600444078445435, 0.45128118991851807, 0.4388256072998047, 0.4332430362701416, 0.548452615737915, 0.3535195291042328, 0.29617297649383545, 0.31717896461486816, 0.32663702964782715, 0.3537358343601227, 0.6861763596534729, 0.5095576643943787, 0.5868016481399536, 0.3811379373073578, 0.41434890031814575, 0.31576985120773315, 0.3728638291358948, 0.36596161127090454, 0.3551194667816162, 0.30224883556365967, 0.39349642395973206, 0.5718117952346802, 0.37376612424850464, 0.3548406958580017, 0.37451332807540894, 0.4193473756313324, 0.36732593178749084, 0.5236408710479736, 0.3778455853462219, 0.4336400628089905, 0.5788766145706177, 0.35781118273735046, 0.40159356594085693, 0.32997509837150574, 0.47291290760040283, 0.3443531095981598, 0.3398887813091278, 0.4777408242225647, 0.461255818605423, 0.4101141095161438, 0.4023294448852539, 0.40835604071617126, 0.5212392807006836, 0.41537198424339294, 0.2816091477870941, 0.354097843170166, 0.3475373089313507, 0.3725104331970215, 0.3289802074432373, 0.3532361686229706, 0.4014985263347626, 0.4245193302631378, 0.31636735796928406, 0.4198400676250458, 0.35790807008743286, 0.2963135838508606, 0.340847909450531, 0.397205114364624, 0.31364455819129944, 0.30682244896888733, 0.22866874933242798, 0.40132924914360046, 0.341763973236084, 0.32485467195510864, 0.272891640663147, 0.3821523189544678, 0.37869247794151306, 0.420635461807251, 0.36035358905792236, 0.4026569128036499, 0.2836378514766693, 0.32444220781326294, 0.49539846181869507, 0.35294947028160095, 0.458561509847641, 0.5461876392364502, 0.33355772495269775, 0.5927123427391052, 0.5128519535064697, 0.2971019446849823, 0.3588755428791046, 0.2778104543685913, 0.5415662527084351, 0.36264801025390625, 0.3411003351211548, 0.4427603483200073, 0.33258774876594543, 0.6061299443244934, 0.3385426104068756]}}, "meta": {"lr": {"steps": [16, 32, 48, 64, 80, 96, 112, 128, 144, 160, 176, 192, 208, 224, 240, 256, 272, 288, 304, 320, 336, 352, 368, 384, 400, 416, 432, 448, 464, 480, 496, 512, 528, 544, 560, 576, 592, 608, 624, 640, 656, 672, 688, 704, 720, 736, 752, 768, 784, 800, 816, 832, 848, 864, 880, 896, 912, 928, 944, 960, 976, 992, 1008, 1024, 1040, 1056, 1072, 1088, 1104, 1120, 1136, 1152, 1168, 1184, 1200, 1216, 1232, 1248, 1264, 1280, 1296, 1312, 1328, 1344, 1360, 1376, 1392, 1408, 1424, 1440, 1456, 1472, 1488, 1504, 1520, 1536, 1552, 1568, 1584, 1600, 1616, 1632, 1648, 1664, 1680, 1696, 1712, 1728, 1744, 1760, 1776, 1792, 1808, 1824, 1840, 1856, 1872, 1888, 1904, 1920, 1936, 1952, 1968, 1984, 2000, 2016, 2032, 2048, 2064, 2080, 2096, 2112, 2128, 2144, 2160, 2176, 2192, 2208, 2224, 2240, 2256, 2272, 2288, 2304, 2320, 2336, 2352, 2368, 2384, 2400, 2416, 2432, 2448, 2464, 2480, 2496, 2512, 2528, 2544, 2560, 2576, 2592, 2608, 2624, 2640, 2656, 2672, 2688, 2704, 2720, 2736, 2752, 2768, 2784, 2800, 2816, 2832, 2848, 2864, 2880, 2896, 2912, 2928, 2944, 2960, 2976, 2992, 3008, 3024, 3040, 3056, 3072, 3088, 3104, 3120, 3136, 3152, 3168, 3184, 3200, 3216, 3232, 3248, 3264, 3280, 3296, 3312, 3328, 3344, 3360],