{"train": {"loss": {"steps": [32, 64, 96, 128, 160, 192, 224, 256, 288, 320, 352, 384, 416, 448, 480, 512, 544, 576, 608, 640, 672, 704, 736, 768, 800, 832, 864, 896, 928, 960, 992, 1024, 1056, 1088, 1120, 1152, 1184, 1216, 1248, 1280, 1312, 1344, 1376, 1408, 1440, 1472, 1504, 1536, 1568, 1600, 1632, 1664, 1696, 1728, 1760, 1792, 1824, 1856, 1888, 1920, 1952, 1984, 2016, 2048, 2080, 2112, 2144, 2176, 2208, 2240, 2272, 2304, 2336, 2368, 2400], "values": [0.7112581133842468, 0.6700384020805359, 0.655732274055481, 0.6114321351051331, 0.5970582962036133, 0.6070770025253296, 0.5364359617233276, 0.5153276920318604, 0.4557707905769348, 0.41317814588546753, 0.4011385440826416, 0.4251382052898407, 0.315123975276947, 0.3331995904445648, 0.278372198343277, 0.2584954798221588, 0.15791714191436768, 0.21297776699066162, 0.1324206292629242, 0.12641313672065735, 0.11145724356174469, 0.09530791640281677, 0.13094323873519897, 0.08600100129842758, 0.09994994848966599, 0.05935506150126457, 0.06961718201637268, 0.10662907361984253, 0.0870443806052208, 0.23684152960777283, 0.0673876628279686, 0.04053710028529167, 0.04319508373737335, 0.02672261744737625, 0.0945303663611412, 0.03511371836066246, 0.028979063034057617, 0.07093232125043869, 0.01570490188896656, 0.06971094012260437, 0.039739783853292465, 0.01567203365266323, 0.029376477003097534, 0.008314020931720734, 0.04269452393054962, 0.022872012108564377, 0.05339568480849266, 0.013145658187568188, 0.011593649163842201, 0.019266508519649506, 0.0166114903986454, 0.012418152764439583, 0.006062307860702276, 0.008117389865219593, 0.03256985545158386, 0.04900696873664856, 0.011269478127360344, 0.05228133499622345, 0.009418350644409657, 0.005297662224620581, 0.016877010464668274, 0.028581222519278526, 0.005412825383245945, 0.023179639130830765, 0.004130439832806587, 0.006060976535081863, 0.015463191084563732, 0.004306772258132696, 0.008256989531219006, 0.012416740879416466, 0.005350886844098568, 0.006930716335773468, 0.005810350179672241, 0.0040710861794650555, 0.06041894480586052]}}, "meta": {"lr": {"steps": [32, 64, 96, 128, 160, 192, 224, 256, 288, 320, 352, 384, 416, 448, 480, 512, 544, 576, 608, 640, 672, 704, 736, 768, 800, 832, 864, 896, 928, 960, 992, 1024, 1056, 1088, 1120, 1152, 1184, 1216, 1248, 1280, 1312, 1344, 1376, 1408, 1440, 1472, 1504, 1536, 1568, 1600, 1632, 1664, 1696, 1728, 1760, 1792, 1824, 1856, 1888, 1920, 1952, 1984, 2016, 2048, 2080, 2112, 2144, 2176, 2208, 2240, 2272, 2304, 2336, 2368, 2400], "values": [0.0009995614150494292, 0.0009982464296247522, 0.000996057350657239, 0.0009929980185352525, 0.0009890738003669028, 0.0009842915805643156, 0.0009786597487660335, 0.0009721881851187406, 0.0009648882429441257, 0.0009567727288213005, 0.0009478558801197064, 0.0009381533400219318, 0.0009276821300802534, 0.0009164606203550497, 0.0009045084971874737, 0.0008918467286629199, 0.0008784975278258782, 0.0008644843137107057, 0.0008498316702566827, 0.0008345653031794292, 0.0008187119948743449, 0.0008022995574311875, 0.000785356783842216, 0.0007679133974894983, 0.00075, 0.0007316480175599309, 0.0007128896457825364, 0.0006937577932260515, 0.0006742860236609076, 0.0006545084971874737, 0.0006344599103076329, 0.0006141754350553279, 0.0005936906572928624, 0.0005730415142812059, 0.0005522642316338268, 0.0005313952597646568, 0.0005104712099416785, 0.0004895287900583215, 0.0004686047402353433, 0.00044773576836617336, 0.00042695848571879425, 0.0004063093427071376, 0.0003858245649446721, 0.00036554008969236717, 0.00034549150281252633, 0.0003257139763390925, 0.0003062422067739485, 0.00028711035421746366, 0.00026835198244006924, 0.0002500000000000001, 0.00023208660251050156, 0.0002146432161577842, 0.00019770044256881258, 0.00018128800512565513, 0.00016543469682057105, 0.00015016832974331724, 0.00013551568628929433, 0.00012150247217412185, 0.00010815327133708014, 9.549150281252633e-05, 8.353937964495028e-05, 7.23178699197467e-05, 6.184665997806832e-05, 5.214411988029355e-05, 4.322727117869951e-05, 3.5111757055874326e-05, 2.78118148812595e-05, 2.134025123396638e-05, 1.5708419435684463e-05, 1.0926199633097156e-05, 7.001981464747565e-06, 3.942649342761117e-06, 1.753570375247815e-06, 4.3858495057080837e-07, 0.0]}}, "validation": {"loss": {"steps": [480, 960, 1440, 1920, 2400], "values": [0.4437185227870941, 0.11243650317192078, 0.12095964699983597, 0.06924670189619064, 0.06440960615873337]}, "ROC_AUC": {"steps": [480, 960, 1440, 1920, 2400], "values": [0.9682920765062638, 0.9824240309072162, 0.9886691436666851, 0.9972825778001129, 0.9979104771393201]}}}