{"train": {"loss": {"steps": [16, 32, 48, 64, 80, 96, 112, 128, 144, 160, 176, 192, 208, 224, 240, 256, 272, 288, 304, 320, 336, 352, 368, 384, 400, 416, 432, 448, 464, 480, 496, 512, 528, 544, 560, 576, 592, 608, 624, 640, 656, 672, 688, 704, 720, 736, 752, 768, 784, 800, 816, 832, 848, 864, 880, 896, 912, 928, 944, 960, 976, 992, 1008, 1024, 1040, 1056, 1072, 1088, 1104, 1120, 1136, 1152, 1168, 1184, 1200, 1216, 1232, 1248, 1264, 1280, 1296, 1312, 1328, 1344, 1360, 1376, 1392, 1408, 1424, 1440, 1456, 1472, 1488, 1504, 1520, 1536, 1552, 1568, 1584, 1600, 1616, 1632, 1648, 1664, 1680, 1696, 1712, 1728, 1744, 1760, 1776, 1792, 1808, 1824, 1840, 1856, 1872, 1888, 1904, 1920, 1936, 1952, 1968, 1984, 2000], "values": [2.5903797149658203, 2.594714879989624, 2.3692994117736816, 2.212130069732666, 2.081540584564209, 1.9711010456085205, 1.9127635955810547, 1.8121930360794067, 1.7340645790100098, 1.6632839441299438, 1.5951486825942993, 1.5417665243148804, 1.4854079484939575, 1.4393728971481323, 1.3846803903579712, 1.3505995273590088, 1.3067736625671387, 1.272262692451477, 1.2504342794418335, 1.2132370471954346, 1.2052595615386963, 1.1706151962280273, 1.1478569507598877, 1.1327087879180908, 1.1083799600601196, 1.0894724130630493, 1.078114628791809, 1.0684912204742432, 1.0497095584869385, 1.0324394702911377, 1.0567957162857056, 1.016843557357788, 1.0096522569656372, 0.9862622022628784, 0.9701507091522217, 0.9730223417282104, 0.9577977061271667, 0.9378131628036499, 0.9165407419204712, 0.9287770390510559, 0.9171825051307678, 0.8848618268966675, 0.8836435675621033, 0.883136510848999, 0.8691810965538025, 0.8466706275939941, 0.8494971990585327, 0.8287103176116943, 0.82623291015625, 0.8861821889877319, 0.818059504032135, 0.8160889148712158, 0.8176938891410828, 0.8258268237113953, 0.761060893535614, 0.7843526601791382, 0.7732964158058167, 0.7828177213668823, 0.76569664478302, 0.7624922394752502, 0.7283313274383545, 0.7411136627197266, 0.7310547828674316, 0.7224900722503662, 0.753047525882721, 0.7160229682922363, 0.697869598865509, 0.6972113847732544, 0.6986038088798523, 0.6791583895683289, 0.6945918202400208, 0.6962572336196899, 0.66363126039505, 0.6871028542518616, 0.6656890511512756, 0.6746001243591309, 0.6780811548233032, 0.6559817790985107, 0.6527755856513977, 0.651619553565979, 0.6382678747177124, 0.655144453048706, 0.6395407319068909, 0.640192985534668, 0.6500288248062134, 0.6282293796539307, 0.6448196172714233, 0.6242225766181946, 0.6261100769042969, 0.6198311448097229, 0.5968668460845947, 0.5987564921379089, 0.6062349081039429, 0.6157429814338684, 0.6105356812477112, 0.6181667447090149, 0.6132494211196899, 0.6165808439254761, 0.5880851745605469, 0.6049503684043884, 0.5935430526733398, 0.6072933673858643, 0.6112639904022217, 0.5755648016929626, 0.6254646182060242, 0.6057326197624207, 0.6101070046424866, 0.5793846845626831, 0.6011995077133179, 0.6008861660957336, 0.5816770195960999, 0.5884179472923279, 0.614794909954071, 0.6130155324935913, 0.5852601528167725, 0.5895946621894836, 0.5903488993644714, 0.5910093784332275, 0.6009085178375244, 0.595816969871521, 0.5751679539680481, 0.5788331627845764, 0.5874600410461426, 0.6055854558944702, 0.5934839248657227]}}, "meta": {"lr": {"steps": [16, 32, 48, 64, 80, 96, 112, 128, 144, 160, 176, 192, 208, 224, 240, 256, 272, 288, 304, 320, 336, 352, 368, 384, 400, 416, 432, 448, 464, 480, 496, 512, 528, 544, 560, 576, 592, 608, 624, 640, 656, 672, 688, 704, 720, 736, 752, 768, 784, 800, 816, 832, 848, 864, 880, 896, 912, 928, 944, 960, 976, 992, 1008, 1024, 1040, 1056, 1072, 1088, 1104, 1120, 1136, 1152, 1168, 1184, 1200, 1216, 1232, 1248, 1264, 1280, 1296, 1312, 1328, 1344, 1360, 1376, 1392, 1408, 1424, 1440, 1456, 1472, 1488, 1504, 1520, 1536, 1552, 1568, 1584, 1600, 1616, 1632, 1648, 1664, 1680, 1696, 1712, 1728, 1744, 1760, 1776, 1792, 1808, 1824, 1840, 1856, 1872, 1888, 1904, 1920, 1936, 1952, 1968, 1984, 2000], "values": [0.00099984209464165, 0.0009993684783030088, 0.000998579450130307, 0.0009974755084906502, 0.000996057350657239, 0.000994325872368957, 0.0009922821672646027, 0.0009899275261921235, 0.0009872634363932886, 0.0009842915805643156, 0.0009810138357930428, 0.0009774322723733215, 0.0009735491524973722, 0.0009693669288269371, 0.0009648882429441257, 0.0009601159236829353, 0.0009550529853424979, 0.0009497026257831855, 0.0009440682244067723, 0.0009381533400219318, 0.0009319617085964176, 0.000925497240897346, 0.0009187640200210709, 0.0009117662988142137, 0.0009045084971874737, 0.0008969951993239178, 0.0008892311507835117, 0.000881221255505724, 0.0008729705727120911, 0.0008644843137107057, 0.0008557678386046428, 0.0008468266529064025, 0.0008376664040605122, 0.0008282928778764782, 0.0008187119948743449, 0.0008089298065451672, 0.0007989524915287594, 0.0007887863517111338, 0.000778437808244094, 0.0007679133974894983, 0.0007572197668907532, 0.0007463636707741458, 0.0007353519660826664, 0.0007241916080450163, 0.0007128896457825364, 0.0007014532178568313, 0.0006898895477609006, 0.0006782059393566253, 0.0006664097722614933, 0.0006545084971874737, 0.0006425096312349881, 0.0006304207531449486, 0.0006182494985118624, 0.0006060035549610275, 0.0005936906572928624, 0.0005813185825974419, 0.000568895145342319, 0.0005564281924367408, 0.0005439255982753717, 0.0005313952597646568, 0.0005188450913349674, 0.0005062830199416764, 0.0004937169800583236, 0.0004811549086650327, 0.0004686047402353433, 0.00045607440172462844, 0.00044357180756325913, 0.000431104854657681, 0.0004186814174025582, 0.0004063093427071376, 0.0003939964450389728, 0.0003817505014881378, 0.0003695792468550517, 0.00035749036876501193, 0.00034549150281252633, 0.00033359022773850675, 0.0003217940606433747, 0.0003101104522390995, 0.0002985467821431687, 0.00028711035421746366, 0.000275808391954984, 0.0002646480339173337, 0.00025363632922585427, 0.00024278023310924675, 0.00023208660251050156, 0.0002215621917559062, 0.0002112136482888663, 0.00020104750847124077, 0.0001910701934548329, 0.00018128800512565513, 0.00017170712212352185, 0.00016233359593948777, 0.0001531733470935976, 0.00014423216139535734, 0.00013551568628929433, 0.00012702942728790896, 0.00011877874449427601, 0.00011076884921648833, 0.00010300480067608231, 9.549150281252633e-05, 8.823370118578628e-05, 8.123597997892917e-05, 7.450275910265413e-05, 6.803829140358236e-05, 6.184665997806832e-05, 5.593177559322776e-05, 5.029737421681446e-05, 4.494701465750217e-05, 3.988407631706481e-05, 3.5111757055874326e-05, 3.0633071173062964e-05, 2.6450847502627883e-05, 2.2567727626678523e-05, 1.8986164206957037e-05, 1.5708419435684463e-05, 1.2736563606711382e-05, 1.0072473807876569e-05, 7.717832735397334e-06, 5.674127631043025e-06, 3.942649342761117e-06, 2.5244915093499133e-06, 1.420549869693033e-06, 6.315216969912663e-07, 1.5790535835003005e-07, 0.0]}}, "validation": {"loss": {"steps": [400, 800, 1200, 1600, 2000], "values": [1.2400293350219727, 1.174443244934082, 0.7046218514442444, 0.6213437914848328, 0.6029548645019531]}, "IoU": {"steps": [400, 800, 1200, 1600, 2000], "values": [0.5060112863744438, 0.2432600449581115, 0.556724443146988, 0.5874009195984308, 0.5970489269185824]}}}