{"train": {"loss": {"steps": [16, 32, 48, 64, 80, 96, 112, 128, 144, 160, 176, 192, 208, 224, 240, 256, 272, 288, 304, 320, 336, 352, 368, 384, 400, 416, 432, 448, 464, 480, 496, 512, 528, 544, 560, 576, 592, 608, 624, 640, 656, 672, 688, 704, 720, 736, 752, 768, 784, 800, 816, 832, 848, 864, 880, 896, 912, 928, 944, 960, 976, 992, 1008, 1024, 1040, 1056, 1072, 1088, 1104, 1120, 1136, 1152, 1168, 1184, 1200, 1216, 1232, 1248, 1264, 1280, 1296, 1312, 1328, 1344, 1360, 1376, 1392, 1408, 1424, 1440, 1456, 1472, 1488, 1504, 1520, 1536, 1552, 1568, 1584, 1600, 1616, 1632, 1648, 1664, 1680, 1696, 1712, 1728, 1744, 1760], "values": [1.5756654739379883, 1.2971878051757812, 1.0834261178970337, 0.9658803939819336, 0.8959566354751587, 0.830963671207428, 0.7769272327423096, 0.721200168132782, 0.6820162534713745, 0.6322596073150635, 0.5924808979034424, 0.553583025932312, 0.5220295786857605, 0.4864908456802368, 0.45689788460731506, 0.4265185594558716, 0.39973005652427673, 0.42188704013824463, 0.35154464840888977, 0.33090752363204956, 0.3098277151584625, 0.29108771681785583, 0.2721838653087616, 0.2550191283226013, 0.24132388830184937, 0.22508886456489563, 0.21309922635555267, 0.19843672215938568, 0.18653181195259094, 0.17583614587783813, 0.16555346548557281, 0.15594038367271423, 0.14610525965690613, 0.1377400904893875, 0.12986472249031067, 0.12127315998077393, 0.11447061598300934, 0.10723880678415298, 0.10080339014530182, 0.09462343901395798, 0.08925781399011612, 0.08371825516223907, 0.07892561703920364, 0.1449282467365265, 0.06981030851602554, 0.06629689037799835, 0.06293799728155136, 0.05965614691376686, 0.0565776601433754, 0.053683098405599594, 0.05112047120928764, 0.04869336262345314, 0.04803909361362457, 0.04520422965288162, 0.04337156191468239, 0.04200207442045212, 0.04052761197090149, 0.03910360112786293, 0.03793832287192345, 0.03695182129740715, 0.0359107106924057, 0.03510336950421333, 0.09796964377164841, 0.03374124690890312, 0.0328855961561203, 0.032435186207294464, 0.031751152127981186, 0.031547822058200836, 0.03079419583082199, 0.03025214374065399, 0.03001144714653492, 0.02967481128871441, 0.029622552916407585, 0.0289342999458313, 0.028623154386878014, 0.028356175869703293, 0.02809099853038788, 0.02789701335132122, 0.02752140536904335, 0.027514269575476646, 0.027258075773715973, 0.027303965762257576, 0.02691492810845375, 0.026707353070378304, 0.026487642899155617, 0.08542373776435852, 0.026402808725833893, 0.02621104009449482, 0.026291677728295326, 0.02618640474975109, 0.02588522993028164, 0.025939306244254112, 0.025817833840847015, 0.025680720806121826, 0.025736918672919273, 0.025706060230731964, 0.025611883029341698, 0.02562180534005165, 0.08503065258264542, 0.025682955980300903, 0.025654884055256844, 0.02561337687075138, 0.025546232238411903, 0.02593660168349743, 0.025493578985333443, 0.025578930974006653, 0.025639498606324196, 0.025662120431661606, 0.025684919208288193, 0.025606507435441017]}}, "meta": {"lr": {"steps": [16, 32, 48, 64, 80, 96, 112, 128, 144, 160, 176, 192, 208, 224, 240, 256, 272, 288, 304, 320, 336, 352, 368, 384, 400, 416, 432, 448, 464, 480, 496, 512, 528, 544, 560, 576, 592, 608, 624, 640, 656, 672, 688, 704, 720, 736, 752, 768, 784, 800, 816, 832, 848, 864, 880, 896, 912, 928, 944, 960, 976, 992, 1008, 1024, 1040, 1056, 1072, 1088, 1104, 1120, 1136, 1152, 1168, 1184, 1200, 1216, 1232, 1248, 1264, 1280, 1296, 1312, 1328, 1344, 1360, 1376, 1392, 1408, 1424, 1440, 1456, 1472, 1488, 1504, 1520, 1536, 1552, 1568, 1584, 1600, 1616, 1632, 1648, 1664, 1680, 1696, 1712, 1728, 1744, 1760], "values": [0.0009997960964140947, 0.0009991845519630679, 0.0009981658654313456, 0.0009967408676742752, 0.0009949107209404665, 0.0009926769179238466, 0.0009900412805461966, 0.0009870059584711668, 0.0009835734273509786, 0.0009797464868072487, 0.0009755282581475768, 0.0009709221818197624, 0.0009659320146057262, 0.0009605618265574251, 0.0009548159976772592, 0.0009486992143456792, 0.0009422164654989072, 0.0009353730385598887, 0.0009281745151257945, 0.0009206267664155906, 0.000912735948481387, 0.0009045084971874737, 0.0008959511229611376, 0.0008870708053195413, 0.0008778747871771292, 0.0008683705689382025, 0.0008585659023794818, 0.0008484687843276469, 0.0008380874501370098, 0.0008274303669726426, 0.0008165062269044352, 0.0008053239398177191, 0.0007938926261462366, 0.0007822216094333848, 0.0007703204087277988, 0.000758198730819481, 0.000745866462322802, 0.0007333336616128369, 0.0007206105506216106, 0.0007077075065009433, 0.0006946350531586958, 0.0006814038526753205, 0.000668024696607715, 0.0006545084971874737, 0.0006408662784207149, 0.0006271091670967436, 0.0006132483837128823, 0.0005992952333228728, 0.0005852610963163119, 0.0005711574191366427, 0.0005569957049452703, 0.0005427875042394199, 0.000528544405431384, 0.0005142780253968481, 0.0005, 0.0004857219746031519, 0.000471455594568616, 0.0004572124957605803, 0.0004430042950547297, 0.0004288425808633575, 0.0004147389036836881, 0.00040070476667712743, 0.00038675161628711776, 0.00037289083290325663, 0.0003591337215792851, 0.00034549150281252633, 0.00033197530339228485, 0.00031859614732467957, 0.0003053649468413043, 0.0002922924934990568, 0.0002793894493783892, 0.00026666633838716316, 0.00025413353767719804, 0.00024180126918051909, 0.0002296795912722014, 0.00021777839056661552, 0.00020610737385376348, 0.0001946760601822809, 0.00018349377309556487, 0.0001725696330273575, 0.00016191254986299043, 0.00015153121567235335, 0.0001414340976205183, 0.00013162943106179747, 0.00012212521282287093, 0.00011292919468045875, 0.0001040488770388625, 9.549150281252633e-05, 8.7264051518613e-05, 7.937323358440934e-05, 7.182548487420554e-05, 6.462696144011149e-05, 5.778353450109286e-05, 5.130078565432089e-05, 4.518400232274078e-05, 3.9438173442575e-05, 3.406798539427386e-05, 2.9077818180237692e-05, 2.4471741852423235e-05, 2.025351319275137e-05, 1.6426572649021475e-05, 1.2994041528833267e-05, 9.958719453803277e-06, 7.323082076153509e-06, 5.089279059533658e-06, 3.2591323257248896e-06, 1.8341345686543331e-06, 8.15448036932176e-07, 2.0390358590538505e-07, 0.0]}}, "validation": {"loss": {"steps": [352, 704, 1056, 1408, 1760], "values": [0.6371952891349792, 0.3539331257343292, 0.28661048412323, 0.26098790764808655, 0.23481464385986328]}, "mAP": {"steps": [352, 704, 1056, 1408, 1760], "values": [0.9999999999999999, 0.9999999999999999, 0.9999999999999999, 0.9999999999999999, 0.9999999999999999]}}}