{"train": {"loss": {"steps": [16, 32, 48, 64, 80, 96, 112, 128, 144, 160, 176, 192, 208, 224, 240, 256, 272, 288, 304, 320, 336, 352, 368, 384, 400, 416, 432, 448, 464, 480, 496, 512, 528, 544, 560, 576, 592, 608, 624, 640, 656, 672, 688, 704, 720, 736, 752, 768, 784, 800, 816, 832, 848, 864, 880, 896, 912, 928, 944, 960, 976, 992, 1008, 1024, 1040, 1056, 1072, 1088, 1104, 1120, 1136, 1152, 1168, 1184, 1200, 1216, 1232, 1248, 1264, 1280, 1296, 1312, 1328, 1344, 1360, 1376, 1392, 1408, 1424, 1440, 1456, 1472, 1488, 1504, 1520, 1536, 1552, 1568, 1584, 1600, 1616, 1632, 1648, 1664, 1680, 1696, 1712, 1728, 1744, 1760, 1776, 1792, 1808, 1824, 1840, 1856, 1872, 1888, 1904, 1920, 1936, 1952, 1968, 1984, 2000, 2016, 2032, 2048, 2064, 2080, 2096, 2112, 2128, 2144, 2160, 2176, 2192, 2208, 2224, 2240, 2256, 2272, 2288, 2304, 2320, 2336, 2352, 2368, 2384, 2400, 2416, 2432, 2448, 2464, 2480, 2496, 2512, 2528, 2544, 2560, 2576, 2592, 2608, 2624, 2640, 2656, 2672, 2688, 2704, 2720, 2736, 2752, 2768, 2784, 2800, 2816, 2832, 2848, 2864, 2880, 2896, 2912, 2928, 2944, 2960, 2976, 2992, 3008, 3024, 3040, 3056, 3072, 3088, 3104, 3120, 3136, 3152, 3168, 3184, 3200, 3216, 3232, 3248, 3264, 3280, 3296, 3312, 3328, 3344, 3360, 3376, 3392, 3408, 3424, 3440, 3456, 3472, 3488, 3504, 3520, 3536, 3552, 3568, 3584, 3600, 3616, 3632, 3648, 3664, 3680, 3696, 3712, 3728, 3744, 3760, 3776, 3792, 3808, 3824, 3840, 3856, 3872, 3888, 3904, 3920, 3936, 3952, 3968, 3984, 4000, 4016, 4032, 4048, 4064, 4080, 4096, 4112, 4128, 4144, 4160, 4176, 4192, 4208, 4224, 4240, 4256, 4272, 4288, 4304, 4320, 4336, 4352, 4368, 4384, 4400, 4416, 4432, 4448, 4464, 4480, 4496, 4512, 4528, 4544, 4560, 4576, 4592, 4608, 4624, 4640, 4656, 4672, 4688, 4704, 4720, 4736, 4752, 4768, 4784, 4800, 4816, 4832, 4848, 4864, 4880], "values": [12.688138961791992, 30.776676177978516, 27.52705955505371, 14.08728313446045, 16.489553451538086, 13.478775978088379, 20.770832061767578, 20.720752716064453, 9.085578918457031, 5.771299839019775, 3.1206324100494385, 13.994284629821777, 4.379543304443359, 4.390597820281982, 5.075229167938232, 3.9917571544647217, 3.160029172897339, 3.467785358428955, 4.972743034362793, 4.523384094238281, 3.389533042907715, 2.310532569885254, 3.634650230407715, 2.6914355754852295, 2.191641330718994, 2.2485854625701904, 2.731274127960205, 2.9807441234588623, 3.686464548110962, 3.7294530868530273, 2.265531301498413, 3.4665145874023438, 2.965254306793213, 3.1349563598632812, 3.335153102874756, 3.3352761268615723, 2.50807523727417, 1.7604942321777344, 2.2725329399108887, 2.925715446472168, 2.534393072128296, 2.1142807006835938, 2.402266502380371, 2.1294097900390625, 1.8079153299331665, 2.107435703277588, 2.2105188369750977, 3.9365792274475098, 1.3482869863510132, 4.662965774536133, 1.796355128288269, 2.779473304748535, 1.9884759187698364, 2.4957876205444336, 2.235588788986206, 2.36948299407959, 2.1919732093811035, 1.8376376628875732, 2.202122926712036, 1.6748493909835815, 2.277942657470703, 1.878743052482605, 2.3372859954833984, 1.6916824579238892, 1.3639631271362305, 1.7183642387390137, 1.8799517154693604, 1.3542369604110718, 2.123002529144287, 1.6560695171356201, 1.9145562648773193, 1.7706300020217896, 1.3211497068405151, 1.309164047241211, 1.8502416610717773, 2.1293869018554688, 2.3228702545166016, 1.78590726852417, 1.666391372680664, 2.3040103912353516, 1.357117772102356, 1.8525925874710083, 1.4248988628387451, 1.2943806648254395, 1.4135973453521729, 1.1946110725402832, 1.8409348726272583, 1.443539023399353, 1.838749885559082, 1.126371145248413, 1.4393980503082275, 1.4548828601837158, 1.7262969017028809, 1.7209904193878174, 1.0595401525497437, 1.5055389404296875, 0.936440110206604, 2.4289212226867676, 1.0194213390350342, 1.3113638162612915, 1.0028918981552124, 1.2584656476974487, 1.4200432300567627, 1.2174798250198364, 1.5041424036026, 1.34098219871521, 1.5422600507736206, 1.24847412109375, 1.1358082294464111, 1.083092212677002, 1.5172638893127441, 1.1945343017578125, 1.2357630729675293, 1.2653138637542725, 1.3415387868881226, 1.0964139699935913, 1.2757585048675537, 1.0391966104507446, 1.253199815750122, 1.0457179546356201, 0.9882954955101013, 0.8173874616622925, 0.991520345211029, 1.0326809883117676, 0.8565784096717834, 0.9864771962165833, 1.8411633968353271, 2.186353921890259, 1.2319551706314087, 1.2902127504348755, 1.166015625, 1.064123272895813, 0.9273784756660461, 0.9084047079086304, 0.9035234451293945, 0.9098926782608032, 0.8690111041069031, 0.7892253994941711, 1.3386445045471191, 0.8601118326187134, 0.9670317769050598, 1.048075795173645, 1.2649675607681274, 1.3650366067886353, 0.7116414308547974, 0.8969208002090454, 0.8187933564186096, 0.8707847595214844, 0.9711996912956238, 0.6477504372596741, 1.0444748401641846, 0.7191909551620483, 0.5386375784873962, 0.8277348875999451, 0.7157665491104126, 1.146377444267273, 1.2139097452163696, 0.5451010465621948, 1.1213488578796387, 1.0042091608047485, 0.7618151903152466, 0.7435221076011658, 0.9375587701797485, 0.7968470454216003, 0.8013116121292114, 0.9536321759223938, 0.6940948367118835, 1.253843069076538, 0.7624144554138184, 1.1253440380096436, 1.1089086532592773, 1.0792344808578491, 0.7761258482933044, 0.886806070804596, 0.8605017066001892, 0.8335376381874084, 0.7399166226387024, 1.032679557800293, 0.8130097985267639, 0.8546662926673889, 0.8396914005279541, 0.8026631474494934, 0.8627777695655823, 0.7809107899665833, 0.5002818703651428, 0.5494630336761475, 0.875851035118103, 1.0231813192367554, 0.8489612340927124, 0.7594538927078247, 0.9871731996536255, 1.0802183151245117, 0.5099430084228516, 0.637320339679718, 0.8598988652229309, 0.497725248336792, 0.7858562469482422, 0.9086800813674927, 0.5847381949424744, 0.6804678440093994, 0.688992440700531, 1.0240176916122437, 0.6613065004348755, 0.9082561731338501, 0.7884615063667297, 0.6461690068244934, 0.6862809062004089, 0.7194530367851257, 1.17832612991333, 0.7286257147789001, 0.5402170419692993, 0.6866863965988159, 0.979200541973114, 0.6224302649497986, 0.9597927331924438, 0.6274805665016174, 0.8224276900291443, 0.7460460066795349, 0.687972366809845, 0.6400209069252014, 0.5766769647598267, 1.0255948305130005, 0.9069494009017944, 0.8551308512687683, 0.54810631275177, 0.5168982744216919, 0.5162550210952759, 0.5791165828704834, 0.9520370960235596, 0.6404135823249817, 0.8678323030471802, 0.5915448069572449, 0.9053992033004761, 1.0601112842559814, 0.7368624806404114, 0.7211682796478271, 0.7073498368263245, 0.6139265894889832, 0.48353976011276245, 0.569199800491333, 0.7186070680618286, 1.0177894830703735, 0.8079736232757568, 0.8138719797134399, 0.4219483733177185, 0.7398340702056885, 0.5220786333084106, 0.575965940952301, 0.7730869650840759, 0.8263512849807739, 0.5674117207527161, 0.631167471408844, 0.6582083702087402, 0.6277588605880737, 0.6496172547340393, 0.4119766652584076, 0.8201031684875488, 0.5702916383743286, 0.8080946207046509, 0.5046570301055908, 0.5076143741607666, 0.7439994812011719, 0.5966314077377319, 0.5423576831817627, 0.4550228714942932, 0.5630735754966736, 0.48319751024246216, 0.995938777923584, 0.7801178693771362, 0.6719728112220764, 0.5564951300621033, 0.622207760810852, 0.8279112577438354, 0.8282666206359863, 0.8664206862449646, 0.8203634023666382, 0.9935454726219177, 0.6623142957687378, 0.4254288375377655, 0.7773367762565613, 0.596867561340332, 0.6943970918655396, 0.4830031394958496, 0.8082417249679565, 0.7125154137611389, 0.6082541942596436, 0.6071544289588928, 0.6359110474586487, 0.5629701614379883, 0.5028546452522278, 0.7827507257461548, 0.5741039514541626, 0.5461549758911133, 0.5992777347564697, 0.6571357250213623, 1.0098304748535156, 0.6583250761032104, 0.5518474578857422, 0.5926521420478821, 0.6667550802230835, 0.5636109113693237, 0.6190391778945923, 0.4876231849193573, 0.5958377122879028, 0.9403510093688965]}},