{"train": {"loss": {"steps": [32, 64, 96, 128, 160, 192, 224, 256, 288, 320, 352, 384, 416, 448, 480, 512, 544, 576, 608, 640, 672, 704, 736, 768, 800, 832, 864, 896, 928, 960, 992, 1024, 1056, 1088, 1120, 1152, 1184, 1216, 1248, 1280, 1312, 1344, 1376, 1408, 1440, 1472, 1504, 1536, 1568, 1600], "values": [0.6884914040565491, 0.6335986256599426, 0.5739161968231201, 0.5204392671585083, 0.4717141091823578, 0.44104790687561035, 0.39066505432128906, 0.3732113540172577, 0.3544757068157196, 0.3360738456249237, 0.318268746137619, 0.30828043818473816, 0.30735963582992554, 0.3068610429763794, 0.3067511022090912, 0.30533286929130554, 0.3016375005245209, 0.29716888070106506, 0.2878524661064148, 0.28340429067611694, 0.2704402208328247, 0.267380028963089, 0.27696630358695984, 0.25274279713630676, 0.26227110624313354, 0.24586200714111328, 0.2577960193157196, 0.22892391681671143, 0.23247890174388885, 0.2371360808610916, 0.22452019155025482, 0.22358928620815277, 0.210106760263443, 0.21163511276245117, 0.2111310064792633, 0.18999017775058746, 0.21022573113441467, 0.21994243562221527, 0.20837973058223724, 0.19464747607707977, 0.20408856868743896, 0.18932218849658966, 0.21896696090698242, 0.1915770173072815, 0.2083970606327057, 0.1746397465467453, 0.19432175159454346, 0.1983313113451004, 0.20582929253578186, 0.183975949883461]}}, "meta": {"lr": {"steps": [32, 64, 96, 128, 160, 192, 224, 256, 288, 320, 352, 384, 416, 448, 480, 512, 544, 576, 608, 640, 672, 704, 736, 768, 800, 832, 864, 896, 928, 960, 992, 1024, 1056, 1088, 1120, 1152, 1184, 1216, 1248, 1280, 1312, 1344, 1376, 1408, 1440, 1472, 1504, 1536, 1568, 1600], "values": [0.0009990133642141358, 0.000996057350657239, 0.0009911436253643444, 0.0009842915805643156, 0.0009755282581475768, 0.0009648882429441257, 0.0009524135262330098, 0.0009381533400219318, 0.0009221639627510075, 0.0009045084971874737, 0.0008852566213878947, 0.0008644843137107057, 0.0008422735529643444, 0.0008187119948743449, 0.0007938926261462366, 0.0007679133974894983, 0.0007408768370508576, 0.0007128896457825364, 0.0006840622763423391, 0.0006545084971874737, 0.0006243449435824276, 0.0005936906572928624, 0.0005626666167821521, 0.0005313952597646568, 0.0005, 0.0004686047402353433, 0.00043733338321784784, 0.0004063093427071376, 0.0003756550564175727, 0.00034549150281252633, 0.00031593772365766105, 0.00028711035421746366, 0.0002591231629491423, 0.00023208660251050156, 0.00020610737385376348, 0.00018128800512565513, 0.00015772644703565563, 0.00013551568628929433, 0.00011474337861210544, 9.549150281252633e-05, 7.783603724899258e-05, 6.184665997806832e-05, 4.758647376699032e-05, 3.5111757055874326e-05, 2.4471741852423235e-05, 1.5708419435684463e-05, 8.856374635655695e-06, 3.942649342761117e-06, 9.866357858642206e-07, 0.0]}}, "validation": {"loss": {"steps": [320, 640, 960, 1280, 1600], "values": [0.3461954593658447, 0.3027295172214508, 0.2661180794239044, 0.21732889115810394, 0.19728462398052216]}, "ROC_AUC": {"steps": [320, 640, 960, 1280, 1600], "values": [0.7135416666666666, 0.9378472222222222, 0.9697916666666668, 0.9788194444444442, 0.9769097222222223]}}}