{"train": {"loss": {"steps": [32, 64, 96, 128, 160, 192, 224, 256, 288, 320, 352, 384, 416, 448, 480, 512, 544, 576, 608, 640, 672, 704, 736, 768, 800, 832, 864, 896, 928, 960, 992, 1024, 1056, 1088, 1120, 1152, 1184, 1216, 1248, 1280, 1312, 1344, 1376, 1408, 1440, 1472, 1504, 1536, 1568, 1600, 1632, 1664, 1696, 1728, 1760, 1792, 1824, 1856, 1888, 1920, 1952, 1984, 2016, 2048, 2080, 2112, 2144, 2176, 2208, 2240, 2272, 2304, 2336, 2368, 2400, 2432, 2464, 2496, 2528, 2560, 2592, 2624, 2656, 2688, 2720, 2752, 2784, 2816, 2848, 2880, 2912, 2944, 2976, 3008, 3040], "values": [0.697813868522644, 0.6497381329536438, 0.6082166433334351, 0.5724093317985535, 0.5516566634178162, 0.520089328289032, 0.49565210938453674, 0.4787239134311676, 0.4760148525238037, 0.46539029479026794, 0.43975281715393066, 0.46000733971595764, 0.45034465193748474, 0.4627368152141571, 0.39800572395324707, 0.3738649785518646, 0.4158807694911957, 0.3664541244506836, 0.37323203682899475, 0.3313087522983551, 0.27802035212516785, 0.2853015959262848, 0.2871933877468109, 0.23995371162891388, 0.2736814618110657, 0.21879616379737854, 0.22923851013183594, 0.19998477399349213, 0.16050370037555695, 0.22965049743652344, 0.1428389549255371, 0.1226431131362915, 0.17086994647979736, 0.14457975327968597, 0.13964255154132843, 0.14302286505699158, 0.12825247645378113, 0.1289951503276825, 0.10012686252593994, 0.09806406497955322, 0.08198398351669312, 0.04623187333345413, 0.15580104291439056, 0.05307304486632347, 0.06992010027170181, 0.07433998584747314, 0.02637474052608013, 0.050779540091753006, 0.04500969871878624, 0.0373341403901577, 0.05828147754073143, 0.058081936091184616, 0.03505803272128105, 0.04114964231848717, 0.08036955446004868, 0.04743751883506775, 0.030130429193377495, 0.024956636130809784, 0.02025364153087139, 0.01702451892197132, 0.02748768962919712, 0.026218166574835777, 0.010416706092655659, 0.04904768615961075, 0.050624456256628036, 0.034831222146749496, 0.04617078974843025, 0.015066931024193764, 0.010017802938818932, 0.0564863495528698, 0.03260079771280289, 0.015666857361793518, 0.022988852113485336, 0.020469648763537407, 0.03470165655016899, 0.014726415276527405, 0.0461898148059845, 0.018446912989020348, 0.016395611688494682, 0.009831393137574196, 0.01030444260686636, 0.01676301471889019, 0.010611322708427906, 0.016720548272132874, 0.015130529180169106, 0.009181218221783638, 0.015548909083008766, 0.020169392228126526, 0.010330150835216045, 0.012055064551532269, 0.012014038860797882, 0.03129895403981209, 0.013541266322135925, 0.017745934426784515, 0.010079455561935902]}}, "meta": {"lr": {"steps": [32, 64, 96, 128, 160, 192, 224, 256, 288, 320, 352, 384, 416, 448, 480, 512, 544, 576, 608, 640, 672, 704, 736, 768, 800, 832, 864, 896, 928, 960, 992, 1024, 1056, 1088, 1120, 1152, 1184, 1216, 1248, 1280, 1312, 1344, 1376, 1408, 1440, 1472, 1504, 1536, 1568, 1600, 1632, 1664, 1696, 1728, 1760, 1792, 1824, 1856, 1888, 1920, 1952, 1984, 2016, 2048, 2080, 2112, 2144, 2176, 2208, 2240, 2272, 2304, 2336, 2368, 2400, 2432, 2464, 2496, 2528, 2560, 2592, 2624, 2656, 2688, 2720, 2752, 2784, 2816, 2848, 2880, 2912, 2944, 2976, 3008, 3040], "values": [0.000999726628670463, 0.0009989068136093873, 0.0009975414512725057, 0.0009956320346634876, 0.0009931806517013613, 0.0009901899829374047, 0.000986663298624003, 0.0009826044551386743, 0.0009780178907671788, 0.0009729086208503173, 0.0009672822322997304, 0.0009611448774886924, 0.0009545032675245813, 0.0009473646649103818, 0.0009397368756032445, 0.000931628240478787, 0.0009230476262104677, 0.00091400441557401, 0.0009045084971874737, 0.0008945702546981969, 0.0008842005554284296, 0.000873410738492077, 0.0008622126023955446, 0.0008506183921362443, 0.0008386407858128706, 0.0008262928807620843, 0.0008135881792367685, 0.0008005405736415125, 0.0007871643313414718, 0.0007734740790612135, 0.0007594847868906076, 0.0007452117519152541, 0.000730670581489344, 0.0007158771761692464, 0.0007008477123264848, 0.0006855986244591103, 0.0006701465872208216, 0.0006545084971874737, 0.0006387014543809223, 0.0006227427435703996, 0.0006066498153718734, 0.000590440267166055, 0.000574131823855921, 0.0005577423184847932, 0.0005412896727361663, 0.0005247918773366112, 0.0005082669723831793, 0.0004917330276168208, 0.0004752081226633888, 0.0004587103272638339, 0.00044225768151520694, 0.00042586817614407896, 0.0004095597328339452, 0.00039335018462812664, 0.00037725725642960046, 0.00036129854561907783, 0.00034549150281252633, 0.0003298534127791785, 0.0003144013755408895, 0.0002991522876735154, 0.0002841228238307536, 0.00026932941851065615, 0.0002547882480847461, 0.00024051521310939256, 0.00022652592093878665, 0.0002128356686585282, 0.00019945942635848747, 0.00018641182076323148, 0.00017370711923791565, 0.00016135921418712956, 0.00014938160786375572, 0.00013778739760445552, 0.0001265892615079232, 0.0001157994445715706, 0.00010542974530180327, 9.549150281252633e-05, 8.599558442598998e-05, 7.695237378953224e-05, 6.837175952121305e-05, 6.026312439675552e-05, 5.2635335089618264e-05, 4.5496732475418745e-05, 3.885512251130763e-05, 3.271776770026963e-05, 2.709137914968268e-05, 2.198210923282118e-05, 1.7395544861325717e-05, 1.3336701375997129e-05, 9.810017062595322e-06, 6.819348298638839e-06, 4.367965336512402e-06, 2.458548727494292e-06, 1.0931863906127326e-06, 2.733713295369755e-07, 0.0]}}, "validation": {"loss": {"steps": [608, 1216, 1824, 2432, 3040], "values": [0.34548577666282654, 0.13580100238323212, 0.06266237050294876, 0.05271255224943161, 0.050607699900865555]}, "ROC_AUC": {"steps": [608, 1216, 1824, 2432, 3040], "values": [0.9672270000537369, 0.9883330397879263, 0.9928990237688856, 0.9942945229829077, 0.9951167782823932]}}}