{"train": {"loss": {"steps": [16, 32, 48, 64, 80, 96, 112, 128, 144, 160, 176, 192, 208, 224, 240, 256, 272, 288, 304, 320, 336, 352, 368, 384, 400, 416, 432, 448, 464, 480, 496, 512, 528, 544, 560, 576, 592, 608, 624, 640, 656, 672, 688, 704, 720, 736, 752, 768, 784, 800, 816, 832, 848, 864, 880, 896, 912, 928, 944, 960, 976, 992, 1008, 1024, 1040, 1056, 1072, 1088, 1104, 1120, 1136, 1152, 1168, 1184, 1200, 1216, 1232, 1248, 1264, 1280, 1296, 1312, 1328, 1344, 1360, 1376, 1392, 1408, 1424, 1440], "values": [1.9877487421035767, 1.870155930519104, 1.7221907377243042, 1.6062490940093994, 1.647721767425537, 1.5800367593765259, 1.496330976486206, 1.4937249422073364, 1.4808228015899658, 1.4847452640533447, 1.4187312126159668, 1.4625179767608643, 1.4077162742614746, 1.3492194414138794, 1.356768250465393, 1.3675379753112793, 1.2722272872924805, 1.3237841129302979, 1.0975276231765747, 1.128873348236084, 1.1212608814239502, 1.1668936014175415, 1.1355078220367432, 1.0925720930099487, 1.1076889038085938, 0.9873383641242981, 1.098242998123169, 1.1894848346710205, 1.1243743896484375, 1.2013486623764038, 1.1475980281829834, 1.1283032894134521, 1.1876304149627686, 1.1276150941848755, 1.075439453125, 1.103364109992981, 0.9014610052108765, 0.9255028367042542, 0.990140974521637, 1.0143541097640991, 1.0102988481521606, 0.9331785440444946, 0.9404827356338501, 0.9384360313415527, 0.8841737508773804, 0.8620353937149048, 0.9128402471542358, 0.8177685737609863, 0.9514567852020264, 0.8984309434890747, 1.012858510017395, 0.8671406507492065, 0.9266659617424011, 0.9121938943862915, 0.7664786577224731, 0.8174464106559753, 0.8723918795585632, 0.7944363951683044, 0.7743560671806335, 0.8647812604904175, 0.8092231154441833, 0.8260532021522522, 0.8027153015136719, 0.749647855758667, 0.7287150621414185, 0.8997735977172852, 0.7659096717834473, 0.8337624669075012, 0.8583035469055176, 0.7252207398414612, 0.8613888025283813, 0.7655812501907349, 0.8757485151290894, 0.7067337036132812, 0.783776044845581, 0.7448447942733765, 0.6944640874862671, 0.778567910194397, 0.7702213525772095, 0.7747485637664795, 0.7515546083450317, 0.813336968421936, 0.7515130043029785, 0.7209317684173584, 0.7601476311683655, 0.7222607135772705, 0.9298349618911743, 0.6858372092247009, 0.6995353698730469, 0.7887799739837646]}}, "meta": {"lr": {"steps": [16, 32, 48, 64, 80, 96, 112, 128, 144, 160, 176, 192, 208, 224, 240, 256, 272, 288, 304, 320, 336, 352, 368, 384, 400, 416, 432, 448, 464, 480, 496, 512, 528, 544, 560, 576, 592, 608, 624, 640, 656, 672, 688, 704, 720, 736, 752, 768, 784, 800, 816, 832, 848, 864, 880, 896, 912, 928, 944, 960, 976, 992, 1008, 1024, 1040, 1056, 1072, 1088, 1104, 1120, 1136, 1152, 1168, 1184, 1200, 1216, 1232, 1248, 1264, 1280, 1296, 1312, 1328, 1344, 1360, 1376, 1392, 1408, 1424, 1440], "values": [0.0009996954135095479, 0.0009987820251299122, 0.0009972609476841367, 0.0009951340343707852, 0.000992403876506104, 0.0009890738003669028, 0.0009851478631379982, 0.0009806308479691594, 0.0009755282581475768, 0.0009698463103929542, 0.0009635919272833937, 0.0009567727288213005, 0.0009493970231495835, 0.0009414737964294635, 0.0009330127018922195, 0.0009240240480782129, 0.0009145187862775209, 0.0009045084971874737, 0.0008940053768033609, 0.000883022221559489, 0.0008715724127386971, 0.0008596699001693256, 0.0008473291852294987, 0.0008345653031794292, 0.0008213938048432696, 0.0008078307376628291, 0.0007938926261462366, 0.0007795964517353734, 0.0007649596321166025, 0.00075, 0.0007347357813929454, 0.0007191855733945387, 0.0007033683215379002, 0.0006873032967079561, 0.0006710100716628344, 0.0006545084971874737, 0.0006378186779084996, 0.0006209609477998338, 0.0006039558454088796, 0.0005868240888334653, 0.0005695865504800327, 0.0005522642316338268, 0.0005348782368720626, 0.0005174497483512506, 0.0005, 0.0004825502516487497, 0.00046512176312793734, 0.00044773576836617336, 0.0004304134495199674, 0.00041317591116653486, 0.0003960441545911204, 0.0003790390522001662, 0.00036218132209150044, 0.00034549150281252633, 0.0003289899283371657, 0.00031269670329204396, 0.0002966316784621, 0.00028081442660546124, 0.00026526421860705474, 0.0002500000000000001, 0.0002350403678833976, 0.00022040354826462666, 0.00020610737385376348, 0.00019216926233717085, 0.0001786061951567303, 0.00016543469682057105, 0.00015267081477050133, 0.00014033009983067452, 0.00012842758726130281, 0.00011697777844051105, 0.00010599462319663906, 9.549150281252633e-05, 8.548121372247918e-05, 7.597595192178702e-05, 6.698729810778065e-05, 5.852620357053651e-05, 5.060297685041659e-05, 4.322727117869951e-05, 3.6408072716606344e-05, 3.0153689607045842e-05, 2.4471741852423235e-05, 1.9369152030840554e-05, 1.4852136862001764e-05, 1.0926199633097156e-05, 7.59612349389599e-06, 4.865965629214819e-06, 2.739052315863355e-06, 1.2179748700879012e-06, 3.0458649045211895e-07, 0.0]}}, "validation": {"loss": {"steps": [288, 576, 864, 1152, 1440], "values": [1.4050607681274414, 1.2976664304733276, 1.2097505331039429, 1.1903815269470215, 1.1616469621658325]}, "mAP": {"steps": [288, 576, 864, 1152, 1440], "values": [0.10480213522547713, 0.14781285289357807, 0.1949114290850586, 0.22175165009868353, 0.24352670331310483]}}}