{"train": {"loss": {"steps": [32, 64, 96, 128, 160, 192, 224, 256, 288, 320, 352, 384, 416, 448, 480, 512, 544, 576, 608, 640, 672, 704, 736, 768, 800, 832, 864, 896, 928, 960, 992, 1024, 1056, 1088, 1120, 1152, 1184, 1216, 1248, 1280, 1312, 1344, 1376, 1408, 1440, 1472, 1504, 1536, 1568, 1600, 1632, 1664, 1696, 1728, 1760, 1792, 1824, 1856, 1888, 1920, 1952, 1984, 2016, 2048, 2080, 2112, 2144, 2176, 2208, 2240, 2272, 2304, 2336, 2368, 2400, 2432, 2464, 2496, 2528, 2560, 2592, 2624, 2656, 2688, 2720, 2752, 2784, 2816, 2848, 2880, 2912, 2944, 2976, 3008, 3040, 3072, 3104, 3136, 3168, 3200, 3232, 3264, 3296, 3328, 3360, 3392, 3424, 3456, 3488, 3520, 3552, 3584, 3616, 3648, 3680, 3712, 3744, 3776, 3808, 3840], "values": [0.7974810600280762, 0.6003768444061279, 0.5607001781463623, 0.5500327348709106, 0.528285562992096, 0.5186395645141602, 0.4974047541618347, 0.45684826374053955, 0.4614071846008301, 0.42607542872428894, 0.3979485034942627, 0.38670292496681213, 0.40656745433807373, 0.3813236355781555, 0.3582257926464081, 0.36519038677215576, 0.3377511203289032, 0.32259052991867065, 0.3130335509777069, 0.30757004022598267, 0.3340385854244232, 0.34797024726867676, 0.24293948709964752, 0.2654966115951538, 0.23315225541591644, 0.20100221037864685, 0.20651406049728394, 0.2106984555721283, 0.2372625768184662, 0.125235453248024, 0.16114288568496704, 0.17049887776374817, 0.14705990254878998, 0.14426477253437042, 0.14448179304599762, 0.1481097936630249, 0.10471385717391968, 0.1106591671705246, 0.13725879788398743, 0.10608434677124023, 0.17921404540538788, 0.07975800335407257, 0.12853838503360748, 0.0882437527179718, 0.0951109528541565, 0.11584355682134628, 0.09492908418178558, 0.08171789348125458, 0.0455467589199543, 0.06235523149371147, 0.06903466582298279, 0.04713752865791321, 0.0559496246278286, 0.05695169046521187, 0.06953675299882889, 0.05585860460996628, 0.09208984673023224, 0.042134229093790054, 0.04518374055624008, 0.05003523826599121, 0.03365713357925415, 0.036014705896377563, 0.04295041412115097, 0.020786862820386887, 0.04576718062162399, 0.11005137860774994, 0.040243178606033325, 0.06425115466117859, 0.018117379397153854, 0.032152123749256134, 0.03388987481594086, 0.038887493312358856, 0.03246435523033142, 0.0187382809817791, 0.016476541757583618, 0.02261328138411045, 0.03646845370531082, 0.02448219433426857, 0.031114554032683372, 0.02924005128443241, 0.027076538652181625, 0.05800943076610565, 0.05312516167759895, 0.014280261471867561, 0.04416744038462639, 0.05162842199206352, 0.037545740604400635, 0.01701708696782589, 0.01713544875383377, 0.03394388034939766, 0.055152446031570435, 0.016885440796613693, 0.03044840693473816, 0.013747354969382286, 0.017468836158514023, 0.0157215166836977, 0.04519053176045418, 0.013056211173534393, 0.018897784873843193, 0.02222835272550583, 0.029745321720838547, 0.025881215929985046, 0.025728914886713028, 0.019763506948947906, 0.022957123816013336, 0.00950804352760315, 0.019602850079536438, 0.023939935490489006, 0.08819203823804855, 0.011501505970954895, 0.037087708711624146, 0.01836429536342621, 0.019952306523919106, 0.014612335711717606, 0.01985286734998226, 0.017134780064225197, 0.015072513371706009, 0.0084190983325243, 0.016055205836892128, 0.045705705881118774]}}, "meta": {"lr": {"steps": [32, 64, 96, 128, 160, 192, 224, 256, 288, 320, 352, 384, 416, 448, 480, 512, 544, 576, 608, 640, 672, 704, 736, 768, 800, 832, 864, 896, 928, 960, 992, 1024, 1056, 1088, 1120, 1152, 1184, 1216, 1248, 1280, 1312, 1344, 1376, 1408, 1440, 1472, 1504, 1536, 1568, 1600, 1632, 1664, 1696, 1728, 1760, 1792, 1824, 1856, 1888, 1920, 1952, 1984, 2016, 2048, 2080, 2112, 2144, 2176, 2208, 2240, 2272, 2304, 2336, 2368, 2400, 2432, 2464, 2496, 2528, 2560, 2592, 2624, 2656, 2688, 2720, 2752, 2784, 2816, 2848, 2880, 2912, 2944, 2976, 3008, 3040, 3072, 3104, 3136, 3168, 3200, 3232, 3264, 3296, 3328, 3360, 3392, 3424, 3456, 3488, 3520, 3552, 3584, 3616, 3648, 3680, 3712, 3744, 3776, 3808, 3840], "values": [0.0009998286624877785, 0.0009993147673772868, 0.000998458666866564, 0.0009972609476841367, 0.0009957224306869053, 0.0009938441702975688, 0.0009916274537819774, 0.0009890738003669028, 0.0009861849601988384, 0.0009829629131445341, 0.0009794098674340967, 0.0009755282581475768, 0.0009713207455460893, 0.0009667902132486009, 0.0009619397662556434, 0.0009567727288213005, 0.0009512926421749304, 0.0009455032620941839, 0.0009394085563309827, 0.0009330127018922195, 0.0009263200821770461, 0.0009193352839727121, 0.0009120630943110077, 0.0009045084971874737, 0.0008966766701456176, 0.0008885729807284854, 0.0008802029828000156, 0.0008715724127386971, 0.0008626871855061438, 0.0008535533905932737, 0.000844177287846877, 0.0008345653031794292, 0.0008247240241650918, 0.0008146601955249188, 0.0008043807145043603, 0.0007938926261462366, 0.0007832031184624164, 0.0007723195175075137, 0.0007612492823579744, 0.00075, 0.0007385793801298042, 0.0007269952498697733, 0.0007152555484041476, 0.0007033683215379002, 0.000691341716182545, 0.0006791839747726501, 0.0006669034296168854, 0.0006545084971874737, 0.0006420076723519614, 0.0006294095225512603, 0.0006167226819279528, 0.0006039558454088796, 0.0005911177627460738, 0.0005782172325201155, 0.000565263096110026, 0.0005522642316338268, 0.0005392295478639225, 0.000526167978121472, 0.0005130884741539367, 0.0005, 0.0004869115258460635, 0.0004738320218785281, 0.0004607704521360776, 0.00044773576836617336, 0.00043473690388997434, 0.0004217827674798845, 0.00040888223725392626, 0.0003960441545911204, 0.00038327731807204744, 0.0003705904774487396, 0.0003579923276480387, 0.00034549150281252633, 0.00033309657038311456, 0.00032081602522734986, 0.0003086582838174551, 0.0002966316784621, 0.0002847444515958523, 0.00027300475013022663, 0.00026142061987019576, 0.0002500000000000001, 0.00023875071764202561, 0.00022768048249248646, 0.0002167968815375837, 0.00020610737385376348, 0.00019561928549563967, 0.00018533980447508135, 0.00017527597583490823, 0.00016543469682057105, 0.00015582271215312294, 0.00014644660940672628, 0.0001373128144938563, 0.00012842758726130281, 0.00011979701719998454, 0.00011142701927151455, 0.00010332332985438247, 9.549150281252633e-05, 8.793690568899215e-05, 8.066471602728804e-05, 7.367991782295391e-05, 6.698729810778065e-05, 6.059144366901737e-05, 5.449673790581611e-05, 4.87073578250698e-05, 4.322727117869951e-05, 3.806023374435663e-05, 3.3209786751399184e-05, 2.8679254453910786e-05, 2.4471741852423235e-05, 2.0590132565903473e-05, 1.70370868554659e-05, 1.3815039801161721e-05, 1.0926199633097156e-05, 8.372546218022748e-06, 6.15582970243117e-06, 4.277569313094809e-06, 2.739052315863355e-06, 1.541333133436018e-06, 6.852326227130834e-07, 1.7133751222137007e-07, 0.0]}}, "validation": {"loss": {"steps": [768, 1536, 2304, 3072, 3840], "values": [0.41674456000328064, 0.1796247512102127, 0.163576140999794, 0.06306930631399155, 0.05604669451713562]}, "F1": {"steps": [768, 1536, 2304, 3072, 3840], "values": [0.5364583333333334, 0.8489583333333334, 0.875, 0.9635416666666666, 0.9635416666666666]}}}