{"train": {"loss": {"steps": [32, 64, 96, 128, 160, 192, 224, 256, 288, 320, 352, 384, 416, 448, 480, 512, 544, 576, 608, 640, 672, 704, 736, 768, 800, 832, 864, 896, 928, 960, 992, 1024, 1056, 1088, 1120, 1152, 1184, 1216, 1248, 1280], "values": [0.6901507377624512, 0.6615554094314575, 0.62823486328125, 0.6022352576255798, 0.5256843566894531, 0.46813660860061646, 0.4372742176055908, 0.441867470741272, 0.3437093198299408, 0.29047441482543945, 0.2869299054145813, 0.22659456729888916, 0.2541709542274475, 0.2503530979156494, 0.1593993604183197, 0.14176812767982483, 0.14413480460643768, 0.11271649599075317, 0.1059093326330185, 0.13801324367523193, 0.14989852905273438, 0.07128216326236725, 0.06691078841686249, 0.15905526280403137, 0.06870513409376144, 0.06700390577316284, 0.08795768022537231, 0.07619713991880417, 0.0999150276184082, 0.1194484755396843, 0.27772125601768494, 0.07686848938465118, 0.07950745522975922, 0.0898175835609436, 0.08428623527288437, 0.08126343786716461, 0.18823763728141785, 0.02832828462123871, 0.049077436327934265, 0.060301125049591064]}}, "meta": {"lr": {"steps": [32, 64, 96, 128, 160, 192, 224, 256, 288, 320, 352, 384, 416, 448, 480, 512, 544, 576, 608, 640, 672, 704, 736, 768, 800, 832, 864, 896, 928, 960, 992, 1024, 1056, 1088, 1120, 1152, 1184, 1216, 1248, 1280], "values": [0.000998458666866564, 0.0009938441702975688, 0.0009861849601988384, 0.0009755282581475768, 0.0009619397662556434, 0.0009455032620941839, 0.0009263200821770461, 0.0009045084971874737, 0.0008802029828000156, 0.0008535533905932737, 0.0008247240241650918, 0.0007938926261462366, 0.0007612492823579744, 0.0007269952498697733, 0.000691341716182545, 0.0006545084971874737, 0.0006167226819279528, 0.0005782172325201155, 0.0005392295478639225, 0.0005, 0.0004607704521360776, 0.0004217827674798845, 0.00038327731807204744, 0.00034549150281252633, 0.0003086582838174551, 0.00027300475013022663, 0.00023875071764202561, 0.00020610737385376348, 0.00017527597583490823, 0.00014644660940672628, 0.00011979701719998454, 9.549150281252633e-05, 7.367991782295391e-05, 5.449673790581611e-05, 3.806023374435663e-05, 2.4471741852423235e-05, 1.3815039801161721e-05, 6.15582970243117e-06, 1.541333133436018e-06, 0.0]}}, "validation": {"loss": {"steps": [256, 512, 768, 1024, 1280], "values": [0.45659971237182617, 0.3194405138492584, 0.21023474633693695, 0.10303374379873276, 0.08491352200508118]}, "ROC_AUC": {"steps": [256, 512, 768, 1024, 1280], "values": [0.8434456839875629, 0.8328900149924485, 0.9426977257268713, 1.0, 1.0]}}}