{"train": {"loss": {"steps": [16, 32, 48, 64, 80, 96, 112, 128, 144, 160, 176, 192, 208, 224, 240, 256, 272, 288, 304, 320, 336, 352, 368, 384, 400, 416, 432, 448, 464, 480, 496, 512, 528, 544, 560, 576, 592, 608, 624, 640, 656, 672, 688, 704, 720, 736, 752, 768, 784, 800, 816, 832, 848, 864, 880, 896, 912, 928, 944, 960, 976, 992, 1008, 1024, 1040, 1056, 1072, 1088, 1104, 1120, 1136, 1152, 1168, 1184, 1200, 1216, 1232, 1248, 1264, 1280, 1296, 1312, 1328, 1344, 1360, 1376, 1392, 1408, 1424, 1440, 1456, 1472, 1488, 1504, 1520, 1536, 1552, 1568, 1584, 1600, 1616, 1632, 1648, 1664, 1680, 1696, 1712, 1728, 1744, 1760, 1776, 1792, 1808, 1824, 1840, 1856, 1872, 1888, 1904, 1920, 1936, 1952, 1968, 1984, 2000, 2016, 2032, 2048, 2064, 2080, 2096, 2112, 2128, 2144, 2160, 2176, 2192, 2208, 2224, 2240, 2256, 2272, 2288, 2304, 2320, 2336, 2352, 2368, 2384, 2400, 2416, 2432, 2448, 2464, 2480, 2496, 2512, 2528, 2544, 2560, 2576, 2592, 2608, 2624, 2640, 2656, 2672, 2688, 2704, 2720, 2736, 2752, 2768, 2784, 2800, 2816, 2832, 2848, 2864, 2880, 2896, 2912, 2928, 2944, 2960, 2976, 2992, 3008, 3024, 3040, 3056, 3072, 3088, 3104, 3120, 3136, 3152, 3168, 3184, 3200, 3216, 3232, 3248, 3264, 3280, 3296, 3312, 3328, 3344, 3360, 3376, 3392, 3408, 3424, 3440, 3456, 3472, 3488, 3504, 3520, 3536, 3552, 3568, 3584, 3600, 3616, 3632, 3648, 3664, 3680, 3696, 3712, 3728, 3744, 3760, 3776, 3792, 3808, 3824, 3840, 3856, 3872, 3888, 3904, 3920, 3936, 3952, 3968, 3984, 4000, 4016, 4032, 4048, 4064, 4080, 4096, 4112, 4128, 4144, 4160, 4176, 4192, 4208, 4224, 4240, 4256, 4272, 4288, 4304, 4320, 4336, 4352, 4368, 4384, 4400, 4416, 4432, 4448, 4464, 4480, 4496, 4512, 4528, 4544, 4560, 4576, 4592, 4608, 4624, 4640, 4656, 4672, 4688, 4704, 4720, 4736, 4752, 4768, 4784, 4800, 4816, 4832, 4848, 4864, 4880, 4896, 4912, 4928, 4944, 4960, 4976, 4992, 5008, 5024, 5040, 5056, 5072, 5088, 5104, 5120, 5136, 5152, 5168, 5184, 5200, 5216, 5232, 5248, 5264, 5280, 5296, 5312, 5328, 5344, 5360, 5376, 5392, 5408, 5424, 5440], "values": [10.870624542236328, 10.117594718933105, 10.264128684997559, 11.347875595092773, 10.725968360900879, 10.34921646118164, 12.139881134033203, 11.219199180603027, 10.706914901733398, 11.388470649719238, 9.806065559387207, 8.357966423034668, 6.399693965911865, 7.564004421234131, 6.962096214294434, 6.1051812171936035, 8.132498741149902, 8.733163833618164, 6.876348972320557, 5.060229301452637, 6.019301414489746, 5.85797119140625, 4.995593070983887, 4.118549346923828, 3.8934967517852783, 4.632221698760986, 6.07524299621582, 3.994706869125366, 3.894115686416626, 2.9321413040161133, 3.070408582687378, 5.158370494842529, 1.88923180103302, 3.230787515640259, 3.119180202484131, 1.9417256116867065, 2.3548786640167236, 2.834205150604248, 2.128908157348633, 1.3933202028274536, 2.8668549060821533, 1.4504170417785645, 1.4519670009613037, 2.77262282371521, 1.917180061340332, 3.0610291957855225, 2.6361653804779053, 0.7411220073699951, 0.9776296615600586, 0.12275643646717072, 1.1410601139068604, 1.3756736516952515, 1.5500115156173706, 1.2287081480026245, 0.5934849977493286, 0.570228099822998, 1.673997163772583, 0.8722513914108276, 0.4541875720024109, 1.1997243165969849, 0.5716126561164856, 0.7493496537208557, 0.823996901512146, 0.6908462643623352, 0.7734459638595581, 0.5996339321136475, 0.8348507285118103, 0.6308901906013489, 0.10232918709516525, 0.35948875546455383, 0.1992701143026352, 0.2694983184337616, 0.027721669524908066, 0.17136770486831665, 0.376750111579895, 0.2721569836139679, 0.554553210735321, 0.5223787426948547, 0.07377306371927261, 0.6325130462646484, 0.2602388262748718, 0.04397473484277725, 0.37905871868133545, 0.37252068519592285, 0.771589457988739, 0.4062320590019226, 0.5454885959625244, 0.1677478849887848, 0.13980577886104584, 0.9216580986976624, 0.28063082695007324, 0.009008385241031647, 0.039533182978630066, 0.010535679757595062, 0.12533535063266754, 0.5014066696166992, 0.009482466615736485, 0.987963080406189, 0.3307715952396393, 0.06385403126478195, 0.15895383059978485, 0.05741599574685097, 0.014824974350631237, 0.15890228748321533, 0.3617190718650818, 0.12933990359306335, 0.011835820972919464, 0.4411758780479431, 0.19314594566822052, 0.018788708373904228, 0.0050070327706635, 0.009602758102118969, 0.3169713616371155, 0.17359745502471924, 0.011395467445254326, 0.013720192946493626, 0.021060995757579803, 0.44919243454933167, 0.014094493351876736, 0.05057953670620918, 0.017306208610534668, 0.21427510678768158, 0.33179107308387756, 0.10545431077480316, 0.013884156011044979, 0.034386083483695984, 0.06028421223163605, 0.06837873160839081, 0.2906632423400879, 0.10890904068946838, 0.007722430396825075, 0.00899402517825365, 0.007830493152141571, 0.004486762918531895, 0.03692746162414551, 0.002582340966910124, 0.005729897413402796, 0.179594948887825, 0.03094000183045864, 0.041718192398548126, 0.12147404253482819, 0.04200911149382591, 0.26518845558166504, 0.157515749335289, 0.00468486500903964, 0.03178543597459793, 0.05890602990984917, 0.3637053966522217, 0.10042782872915268, 0.009438775479793549, 0.0028748714830726385, 0.01791377179324627, 0.17181091010570526, 0.0016277339309453964, 0.07120289653539658, 0.0027193150017410517, 0.021641142666339874, 0.007804672233760357, 0.07877567410469055, 0.13126876950263977, 0.15507477521896362, 0.02010246552526951, 0.06706862151622772, 0.05498814210295677, 0.07304197549819946, 0.001316082663834095, 0.18401643633842468, 0.009745743125677109, 0.030566882342100143, 0.015515986829996109, 0.019304655492305756, 0.3240962326526642, 0.2045067399740219, 0.1509842574596405, 0.009597084484994411, 0.0038688494823873043, 0.020560534670948982, 0.005409938283264637, 0.0020611530635505915, 0.11578107625246048, 0.0012574109714478254, 0.008100156672298908, 0.0038230898790061474, 0.005455426871776581, 0.007464583031833172, 0.0011477041989564896, 0.007364804390817881, 0.0003932975232601166, 0.26312434673309326, 0.005196720361709595, 0.00047644239384680986, 0.0038243315648287535, 0.003133254824206233, 0.010991111397743225, 0.015188321471214294, 0.0002823217073455453, 0.011093059554696083, 0.002059211255982518, 0.0006291528698056936, 0.010112258605659008, 0.0011026147985830903, 0.019544487819075584, 0.0004153986810706556, 0.035444650799036026, 0.014303524047136307, 0.0010666933376342058, 0.00020331375708337873, 0.0007103686220943928, 0.04675505682826042, 0.0068534729070961475, 0.0005849019507877529, 0.006653863936662674, 0.0028616569470614195, 0.0028718363028019667, 0.0006662507657893002, 0.000414085341617465, 0.0011736657470464706, 0.0022048514802008867, 0.003995191305875778, 0.11622543632984161, 0.0006499760784208775, 0.0016243240097537637, 0.013815524987876415, 0.014416243880987167, 0.00396445719525218, 0.0027795936912298203, 0.0006788946338929236, 0.08489037305116653, 0.000759630580432713, 0.00032416038447991014, 0.003692923579365015, 0.04047975316643715, 0.025337224826216698, 0.011782359331846237, 0.17016953229904175, 0.0013369962107390165, 0.0003152725985273719, 0.0005295317387208343, 0.00010761833254946396, 0.0011549106566235423, 0.0011471147881820798, 0.00212379964068532, 0.0004533678002189845, 0.0003378061519470066, 0.009497933089733124, 0.008748860098421574, 0.004607675597071648, 0.006171473767608404, 0.0020238880533725023, 0.005491200368851423, 0.03216409683227539, 0.0001994101912714541, 0.006810504011809826, 0.0007184951100498438, 0.0006423345184884965, 0.0017135286470875144, 0.014328492805361748, 0.019007109105587006, 0.011245188303291798, 9.086157660931349e-05, 0.018541373312473297, 0.000614031741861254, 0.001100632594898343, 0.00026956977671943605, 0.0003383538278285414, 0.00444455910474062, 0.08135081082582474, 0.00011768016702262685, 0.0035029214341193438, 0.025104565545916557, 0.004032542463392019, 0.005609200336039066, 0.00016924494411796331, 0.002400539582595229, 0.003434467129409313, 0.0017528830794617534, 0.002028820337727666, 0.004000041633844376, 0.0019734802190214396, 0.03761439397931099, 0.0006127302767708898, 0.0008958064718171954, 