{"train": {"loss": {"steps": [16, 32, 48, 64, 80, 96, 112, 128, 144, 160, 176, 192, 208, 224, 240], "values": [2.165661096572876, 2.1525962352752686, 1.698065996170044, 1.4180757999420166, 1.150407075881958, 1.0239472389221191, 0.8548264503479004, 0.9070249795913696, 0.9489916563034058, 0.6653181910514832, 0.7355523705482483, 0.9085246324539185, 0.6363933086395264, 0.660007119178772, 0.834804892539978]}}, "meta": {"lr": {"steps": [16, 32, 48, 64, 80, 96, 112, 128, 144, 160, 176, 192, 208, 224, 240], "values": [0.0009890738003669028, 0.0009567727288213005, 0.0009045084971874737, 0.0008345653031794292, 0.00075, 0.0006545084971874737, 0.0005522642316338268, 0.00044773576836617336, 0.00034549150281252633, 0.0002500000000000001, 0.00016543469682057105, 9.549150281252633e-05, 4.322727117869951e-05, 1.0926199633097156e-05, 0.0]}}, "validation": {"loss": {"steps": [48, 96, 144, 192, 240], "values": [1.9576319456100464, 12.560111045837402, 7.357761383056641, 2.9795703887939453, 1.482332468032837]}, "IoU": {"steps": [48, 96, 144, 192, 240], "values": [0.23061024821188034, 0.25402693821667094, 0.2920456213768097, 0.41489407019623853, 0.6039581359403632]}}}