{"train": {"loss": {"steps": [16, 32, 48, 64, 80, 96, 112, 128, 144, 160, 176, 192, 208, 224, 240, 256, 272, 288, 304, 320, 336, 352, 368, 384, 400, 416, 432, 448, 464, 480, 496, 512, 528, 544, 560, 576, 592, 608, 624, 640, 656, 672, 688, 704, 720, 736, 752, 768, 784, 800, 816, 832, 848, 864, 880, 896, 912, 928, 944, 960, 976, 992, 1008, 1024, 1040, 1056, 1072, 1088, 1104, 1120, 1136, 1152, 1168, 1184, 1200, 1216, 1232, 1248, 1264, 1280, 1296, 1312, 1328, 1344, 1360, 1376, 1392, 1408, 1424, 1440, 1456, 1472, 1488, 1504, 1520, 1536, 1552, 1568, 1584, 1600], "values": [0.7559547424316406, 0.6984848380088806, 0.6635958552360535, 0.6292949914932251, 0.6069784760475159, 0.577693521976471, 0.5450376868247986, 0.5103656053543091, 0.48836570978164673, 0.4654630124568939, 0.484799861907959, 0.43427038192749023, 0.41152119636535645, 0.410510778427124, 0.39596524834632874, 0.3984030485153198, 0.38830527663230896, 0.37021079659461975, 0.35228732228279114, 0.34481170773506165, 0.3630618751049042, 0.35328394174575806, 0.33717241883277893, 0.35437673330307007, 0.32015982270240784, 0.33158206939697266, 0.3393857479095459, 0.32646289467811584, 0.31970667839050293, 0.31179317831993103, 0.31515631079673767, 0.3130031228065491, 0.30693718791007996, 0.3114708364009857, 0.3021596372127533, 0.31188276410102844, 0.31388676166534424, 0.30036893486976624, 0.28909313678741455, 0.2961276173591614, 0.2892376482486725, 0.29832956194877625, 0.293687641620636, 0.2881711721420288, 0.29477009177207947, 0.29294243454933167, 0.2831600606441498, 0.29400309920310974, 0.28736138343811035, 0.28980451822280884, 0.2801538407802582, 0.2689264416694641, 0.28165626525878906, 0.2731880843639374, 0.2597665786743164, 0.27146053314208984, 0.26823145151138306, 0.27109581232070923, 0.26261472702026367, 0.2625751495361328, 0.26681286096572876, 0.2563890516757965, 0.2623863220214844, 0.2624443471431732, 0.2639111578464508, 0.2615167200565338, 0.25736719369888306, 0.25255951285362244, 0.2753647267818451, 0.275139719247818, 0.2507210075855255, 0.25148656964302063, 0.2739333212375641, 0.257022887468338, 0.24821527302265167, 0.25183042883872986, 0.24998024106025696, 0.24331970512866974, 0.2704389691352844, 0.263177752494812, 0.2405814379453659, 0.26758643984794617, 0.25479984283447266, 0.2516838014125824, 0.25687357783317566, 0.24799664318561554, 0.2609426975250244, 0.2536105215549469, 0.25742754340171814, 0.2475135773420334, 0.25968414545059204, 0.25737401843070984, 0.2716546654701233, 0.23757009208202362, 0.2554033696651459, 0.24737386405467987, 0.2400285303592682, 0.256453275680542, 0.2677922248840332, 0.25029483437538147]}}, "meta": {"lr": {"steps": [16, 32, 48, 64, 80, 96, 112, 128, 144, 160, 176, 192, 208, 224, 240, 256, 272, 288, 304, 320, 336, 352, 368, 384, 400, 416, 432, 448, 464, 480, 496, 512, 528, 544, 560, 576, 592, 608, 624, 640, 656, 672, 688, 704, 720, 736, 752, 768, 784, 800, 816, 832, 848, 864, 880, 896, 912, 928, 944, 960, 976, 992, 1008, 1024, 1040, 1056, 1072, 1088, 1104, 1120, 1136, 1152, 1168, 1184, 1200, 1216, 1232, 1248, 1264, 1280, 1296, 1312, 1328, 1344, 1360, 1376, 1392, 1408, 1424, 1440, 1456, 1472, 1488, 1504, 1520, 1536, 1552, 1568, 1584, 1600], "values": [9.997532801828659e-06, 9.990133642141359e-06, 9.9778098230154e-06, 9.960573506572391e-06, 9.938441702975689e-06, 9.911436253643445e-06, 9.879583809693737e-06, 9.842915805643156e-06, 9.801468428384716e-06, 9.755282581475769e-06, 9.704403844771128e-06, 9.648882429441258e-06, 9.588773128419907e-06, 9.524135262330098e-06, 9.45503262094184e-06, 9.381533400219319e-06, 9.30371013501972e-06, 9.221639627510076e-06, 9.13540287137281e-06, 9.045084971874738e-06, 8.950775061878453e-06, 8.852566213878947e-06, 8.750555348152299e-06, 8.644843137107058e-06, 8.535533905932739e-06, 8.422735529643445e-06, 8.30655932661826e-06, 8.18711994874345e-06, 8.064535268264883e-06, 7.938926261462366e-06, 7.810416889260653e-06, 7.679133974894984e-06, 7.545207078751858e-06, 7.408768370508577e-06, 7.269952498697734e-06, 7.128896457825364e-06, 6.985739453173903e-06, 6.840622763423391e-06, 6.693689601226458e-06, 6.545084971874738e-06, 6.3949555301961474e-06, 6.243449435824276e-06, 6.090716206982714e-06, 5.936906572928625e-06, 5.782172325201155e-06, 5.626666167821522e-06, 5.470541566592573e-06, 5.3139525976465675e-06, 5.157053795390642e-06, 5e-06, 4.842946204609359e-06, 4.686047402353433e-06, 4.529458433407429e-06, 4.373333832178478e-06, 4.217827674798845e-06, 4.063093427071376e-06, 3.909283793017289e-06, 3.756550564175727e-06, 3.6050444698038547e-06, 3.4549150281252635e-06, 3.3063103987735433e-06, 3.1593772365766107e-06, 3.0142605468260976e-06, 2.871103542174637e-06, 2.7300475013022666e-06, 2.5912316294914232e-06, 2.4547929212481436e-06, 2.320866025105016e-06, 2.1895831107393485e-06, 2.061073738537635e-06, 1.9354647317351187e-06, 1.8128800512565514e-06, 1.6934406733817417e-06, 1.5772644703565564e-06, 1.4644660940672628e-06, 1.3551568628929434e-06, 1.2494446518477022e-06, 1.1474337861210543e-06, 1.049224938121548e-06, 9.549150281252633e-07, 8.645971286271903e-07, 7.783603724899258e-07, 6.962898649802824e-07, 6.184665997806832e-07, 5.449673790581611e-07, 4.758647376699033e-07, 4.112268715800943e-07, 3.511175705587433e-07, 2.9559615522887275e-07, 2.447174185242324e-07, 1.9853157161528468e-07, 1.5708419435684463e-07, 1.2041619030626283e-07, 8.856374635655696e-08, 6.15582970243117e-08, 3.9426493427611177e-08, 2.219017698460002e-08, 9.866357858642206e-09, 2.4671981713420003e-09, 0.0]}}, "validation": {"loss": {"steps": [800, 1600], "values": [0.28110554814338684, 0.25740915536880493]}, "ROC_AUC": {"steps": [800, 1600], "values": [0.9626281393185341, 0.9780739356939098]}}}