{"train": {"loss": {"steps": [32, 64, 96, 128, 160, 192, 224, 256, 288, 320, 352, 384, 416, 448, 480, 512, 544, 576, 608, 640, 672, 704, 736, 768, 800, 832, 864, 896, 928, 960, 992, 1024, 1056, 1088, 1120, 1152, 1184, 1216, 1248, 1280, 1312, 1344, 1376, 1408, 1440, 1472, 1504, 1536, 1568, 1600, 1632, 1664, 1696, 1728, 1760, 1792, 1824, 1856, 1888, 1920, 1952, 1984, 2016, 2048, 2080, 2112, 2144, 2176, 2208, 2240, 2272, 2304, 2336, 2368, 2400, 2432, 2464, 2496, 2528, 2560, 2592, 2624, 2656, 2688, 2720], "values": [0.7152801752090454, 0.6797410249710083, 0.6832562685012817, 0.6919611692428589, 0.6397523880004883, 0.6165385246276855, 0.6178767681121826, 0.681867241859436, 0.5635427832603455, 0.5886911153793335, 0.5108559131622314, 0.5417264103889465, 0.4656403660774231, 0.45032477378845215, 0.4582866132259369, 0.40392282605171204, 0.4014189839363098, 0.39767104387283325, 0.3328544795513153, 0.3964073657989502, 0.2832752466201782, 0.25287577509880066, 0.27867135405540466, 0.3137776255607605, 0.486068993806839, 0.19378185272216797, 0.2179253250360489, 0.2100316733121872, 0.33533868193626404, 0.18457508087158203, 0.13489224016666412, 0.27057385444641113, 0.33865121006965637, 0.20591658353805542, 0.3414233326911926, 0.0987541601061821, 0.10420362651348114, 0.10372945666313171, 0.17886951565742493, 0.10916165262460709, 0.14670175313949585, 0.10772955417633057, 0.35700100660324097, 0.11256729066371918, 0.21859610080718994, 0.08381105959415436, 0.08613425493240356, 0.16419333219528198, 0.12294132262468338, 0.05355328321456909, 0.12701964378356934, 0.09098047018051147, 0.05365772172808647, 0.04765857756137848, 0.07392679154872894, 0.05217238888144493, 0.07351928949356079, 0.11612103134393692, 0.09000255167484283, 0.043888505548238754, 0.07417213916778564, 0.049196936190128326, 0.02262994274497032, 0.07082532346248627, 0.13326013088226318, 0.07285501062870026, 0.09126235544681549, 0.025350607931613922, 0.04504215717315674, 0.06471334397792816, 0.14551834762096405, 0.1772061139345169, 0.16902083158493042, 0.051649995148181915, 0.058981798589229584, 0.04950730875134468, 0.026029668748378754, 0.048835448920726776, 0.07459783554077148, 0.07401527464389801, 0.04966544359922409, 0.03888829052448273, 0.23456647992134094, 0.042746614664793015, 0.057345300912857056]}}, "meta": {"lr": {"steps": [32, 64, 96, 128, 160, 192, 224, 256, 288, 320, 352, 384, 416, 448, 480, 512, 544, 576, 608, 640, 672, 704, 736, 768, 800, 832, 864, 896, 928, 960, 992, 1024, 1056, 1088, 1120, 1152, 1184, 1216, 1248, 1280, 1312, 1344, 1376, 1408, 1440, 1472, 1504, 1536, 1568, 1600, 1632, 1664, 1696, 1728, 1760, 1792, 1824, 1856, 1888, 1920, 1952, 1984, 2016, 2048, 2080, 2112, 2144, 2176, 2208, 2240, 2272, 2304, 2336, 2368, 2400, 2432, 2464, 2496, 2528, 2560, 2592, 2624, 2656, 2688, 2720], "values": [0.0009996585300715115, 0.0009986345866928941, 0.000996929568447637, 0.000994545804185573, 0.000991486549841951, 0.0009877559839902184, 0.0009833592021345938, 0.0009783022097502204, 0.0009725919140804099, 0.0009662361147021779, 0.0009592434928729616, 0.0009516235996730644, 0.0009433868429600309, 0.0009345444731527642, 0.0009251085678648072, 0.0009150920154077753, 0.0009045084971874737, 0.0008933724690167416, 0.0008816991413705516, 0.0008695044586103295, 0.0008568050772058762, 0.0008436183429846313, 0.0008299622674393614, 0.0008158555031266255, 0.0008013173181896282, 0.0007863675700402526, 0.0007710266782362247, 0.0007553155965904535, 0.0007392557845506433, 0.0007228691778882692, 0.0007061781587369518, 0.0006892055250211552, 0.0006719744593169641, 0.0006545084971874737, 0.0006368314950360416, 0.0006189675975213093, 0.0006009412045785051, 0.000582776938092065, 0.0005644996082651017, 0.000546134179731651, 0.000527705737457985, 0.000509239452479565, 0.0004907605475204352, 0.00047229426254201504, 0.00045386582026834903, 0.0004355003917348985, 0.000417223061907935, 0.000399058795421495, 0.00038103240247869074, 0.0003631685049639586, 0.00034549150281252633, 0.0003280255406830359, 0.00031079447497884486, 0.00029382184126304836, 0.0002771308221117309, 0.0002607442154493568, 0.0002446844034095466, 0.00022897332176377528, 0.00021363242995974742, 0.00019868268181037185, 0.00018414449687337466, 0.0001700377325606388, 0.00015638165701536866, 0.00014319492279412388, 0.0001304955413896705, 0.00011830085862944851, 0.00010662753098325839, 9.549150281252633e-05, 8.490798459222476e-05, 7.489143213519301e-05, 6.545552684723583e-05, 5.6613157039969057e-05, 4.8376400326935575e-05, 4.075650712703849e-05, 3.376388529782215e-05, 2.7408085919590266e-05, 2.1697790249779635e-05, 1.6640797865406288e-05, 1.22440160097817e-05, 8.513450158049108e-06, 5.454195814427021e-06, 3.0704315523631954e-06, 1.3654133071059894e-06, 3.4146992848854695e-07, 0.0]}}, "validation": {"loss": {"steps": [544, 1088, 1632, 2176, 2720], "values": [0.6389397978782654, 0.40035685896873474, 0.2650600075721741, 0.15092569589614868, 0.1469997763633728]}, "ROC_AUC": {"steps": [544, 1088, 1632, 2176, 2720], "values": [0.9468812877263582, 0.9847082494969819, 0.9887323943661972, 0.9891348088531187, 0.9877263581488933]}}}