{"train": {"loss": {"steps": [32, 64, 96, 128, 160, 192, 224, 256, 288, 320, 352, 384, 416, 448, 480, 512, 544, 576, 608, 640], "values": [0.6983431577682495, 0.6984986662864685, 0.6915690898895264, 0.6727191805839539, 0.6495903730392456, 0.6372646689414978, 0.6060711145401001, 0.5901193022727966, 0.5715875625610352, 0.568082332611084, 0.5424740314483643, 0.5406078696250916, 0.5108054876327515, 0.5166323184967041, 0.5119174718856812, 0.48463425040245056, 0.530629575252533, 0.487729549407959, 0.4789366126060486, 0.4761749505996704]}}, "meta": {"lr": {"steps": [32, 64, 96, 128, 160, 192, 224, 256, 288, 320, 352, 384, 416, 448, 480, 512, 544, 576, 608, 640], "values": [0.0009938441702975688, 0.0009755282581475768, 0.0009455032620941839, 0.0009045084971874737, 0.0008535533905932737, 0.0007938926261462366, 0.0007269952498697733, 0.0006545084971874737, 0.0005782172325201155, 0.0005, 0.0004217827674798845, 0.00034549150281252633, 0.00027300475013022663, 0.00020610737385376348, 0.00014644660940672628, 9.549150281252633e-05, 5.449673790581611e-05, 2.4471741852423235e-05, 6.15582970243117e-06, 0.0]}}, "validation": {"loss": {"steps": [128, 256, 384, 512, 640], "values": [0.6867446899414062, 0.6535582542419434, 0.6296998858451843, 0.6379039287567139, 0.6487169861793518]}, "ROC_AUC": {"steps": [128, 256, 384, 512, 640], "values": [0.44653306685392247, 0.7097936435057647, 0.8149018407485431, 0.8852604326089176, 0.8404544554277175]}}}