{"train": {"loss": {"steps": [32, 64, 96, 128, 160, 192, 224, 256, 288, 320, 352, 384, 416, 448, 480, 512, 544, 576, 608, 640, 672, 704, 736, 768, 800, 832, 864, 896, 928, 960, 992, 1024, 1056, 1088, 1120, 1152, 1184, 1216, 1248, 1280, 1312, 1344, 1376, 1408, 1440, 1472, 1504, 1536, 1568, 1600, 1632, 1664, 1696, 1728, 1760, 1792, 1824, 1856, 1888, 1920, 1952, 1984, 2016, 2048, 2080, 2112, 2144, 2176, 2208, 2240, 2272, 2304, 2336, 2368, 2400, 2432, 2464, 2496, 2528, 2560, 2592, 2624, 2656, 2688, 2720, 2752, 2784, 2816, 2848, 2880, 2912, 2944, 2976, 3008, 3040, 3072, 3104, 3136, 3168, 3200, 3232, 3264, 3296, 3328, 3360, 3392, 3424, 3456, 3488, 3520, 3552, 3584, 3616, 3648, 3680, 3712, 3744, 3776, 3808, 3840, 3872, 3904, 3936, 3968, 4000, 4032, 4064, 4096, 4128, 4160, 4192, 4224, 4256, 4288, 4320, 4352, 4384, 4416, 4448, 4480, 4512, 4544, 4576, 4608, 4640, 4672, 4704, 4736, 4768, 4800, 4832, 4864, 4896, 4928, 4960, 4992, 5024, 5056, 5088, 5120, 5152, 5184, 5216, 5248, 5280, 5312, 5344, 5376, 5408, 5440, 5472, 5504, 5536, 5568, 5600, 5632, 5664, 5696, 5728, 5760, 5792, 5824, 5856, 5888, 5920, 5952, 5984, 6016, 6048, 6080], "values": [0.694654643535614, 0.7120774984359741, 0.6858218908309937, 0.6506338715553284, 0.6520898342132568, 0.6356379985809326, 0.5945924520492554, 0.5702972412109375, 0.5315921306610107, 0.47641003131866455, 0.47888636589050293, 0.44309282302856445, 0.4411756694316864, 0.32244569063186646, 0.2962203919887543, 0.26567623019218445, 0.20937174558639526, 0.18111443519592285, 0.2765827476978302, 0.17733216285705566, 0.0963851660490036, 0.15245144069194794, 0.07888844609260559, 0.04726254194974899, 0.05482344701886177, 0.028588753193616867, 0.03213424235582352, 0.0154628437012434, 0.026047108694911003, 0.014890151098370552, 0.02284644916653633, 0.007907956838607788, 0.009368432685732841, 0.004879526793956757, 0.006005710456520319, 0.004487294703722, 0.00284454389475286, 0.0036480319686233997, 0.0021844475995749235, 0.0013768933713436127, 0.0016948127886280417, 0.0021548913791775703, 0.0021372942719608545, 0.0013126819394528866, 0.0008897808147594333, 0.0010633883066475391, 0.000865756708662957, 0.0011746877571567893, 0.0010161988902837038, 0.000999012147076428, 0.0044468422420322895, 0.0005581748555414379, 0.0006897882558405399, 0.000606435933150351, 0.0003788586182054132, 0.00034911598777398467, 0.0006976356962695718, 0.00038524417323060334, 0.0012908319476991892, 0.00040692969923838973, 0.0006757148075848818, 0.001099310116842389, 0.0006607898976653814, 0.0003664437390398234, 0.0004036875325255096, 0.0003161111380904913, 0.00042763928649947047, 0.0003156789462082088, 0.0010232097702100873, 0.0007219557301141322, 0.0002568205236457288, 0.0007239810656756163, 0.0002700494369491935, 0.001191218034364283, 0.00032762260525487363, 0.00019233973580412567, 0.00040117796743288636, 0.000330473470967263, 0.00027689122362062335, 0.0007436592713929713, 0.002092269714921713, 0.00031025928910821676, 0.0002245673385914415, 0.013118542730808258, 0.00036486360477283597, 0.0002731120912358165, 0.0037105223163962364, 0.0034800695721060038, 0.021413739770650864, 0.00126582570374012, 0.0012622781796380877, 0.0010377313010394573, 0.0038883916568011045, 0.0013164717238396406, 0.0023694667033851147, 0.002228457247838378, 0.0003033096145372838, 0.0016296056564897299, 0.000552315847016871, 0.0005475709331221879, 0.0009525882778689265, 0.00298468885011971, 0.0017398203490301967, 0.0023779908660799265, 0.0004902966320514679, 0.0003117509186267853, 0.0005032982444390655, 0.0003608768165577203, 0.000654720701277256, 0.001143867615610361, 0.00038169423351064324, 0.0006607815157622099, 0.0030013923533260822, 0.0013300871942192316, 0.00037749766488559544, 0.0009086648933589458, 0.00027315883198753, 0.0006022467860020697, 0.0006608693511225283, 0.0004116273485124111, 0.0007971530430950224, 0.0002794099855236709, 0.001795431599020958, 0.0005564778111875057, 0.0003690890152938664, 0.0010230368934571743, 0.0002660632017068565, 0.0007263185689225793, 0.0007415676955133677, 0.0005148181808181107, 0.0005101339193060994, 0.00025576353073120117, 0.0002506366290617734, 0.0002918082755059004, 0.0002252343692816794, 0.0005555613315664232, 0.00020089250756427646, 0.00048673333367332816, 0.0002781243238132447, 0.0008318634936586022, 0.0002982763107866049, 0.0008251133258454502, 0.0006982721388339996, 0.0002892907941713929, 0.0007359202718362212, 0.00021880738495383412, 0.0009223674423992634, 0.0007294515380635858, 0.0003927465295419097, 0.0004476960457395762, 0.0004951569717377424, 0.000513246632181108, 0.0011772244470193982, 0.00038571207551285625, 0.0008704751380719244, 0.00028918604948557913, 0.0004480080970097333, 0.0003455808327998966, 0.00017751326959114522, 0.00043755501974374056, 0.00024256778124254197, 0.0002711249398998916, 0.0005399770452640951, 0.00022625454585067928, 0.0013513185549527407, 0.00022159934451337904, 0.0005174628458917141, 0.0004009162657894194, 0.0004103021346963942, 0.00021405823645181954, 0.000480164831969887, 0.0002638904261402786, 0.00026550539769232273, 0.00021643159561790526, 0.0006409992929548025, 0.0022187535651028156, 0.0002529550692997873, 0.0014036784414201975, 0.0003916870919056237, 0.0008260082686319947, 0.00033052978687919676, 0.00041053429595194757, 0.0002648328081704676, 0.00020190664508845657, 0.0008894986822269857, 0.00047252222429960966, 0.00021977469441480935, 0.00028322788421064615, 0.00020573378424160182, 0.0006341240368783474]}}, "meta": {"lr": {"steps": [32, 64, 96, 128, 160, 192, 224, 256, 288, 320, 352, 384, 416, 448, 480, 512, 544, 576, 608, 640, 672, 704, 736, 768, 800, 832, 864, 896, 928, 960, 992, 1024, 1056, 1088, 1120, 1152, 1184, 1216, 1248, 1280, 1312, 1344, 1376, 1408, 1440, 1472, 1504, 1536, 1568, 1600, 1632, 1664, 1696, 1728, 1760, 1792, 1824, 1856, 1888, 1920, 1952, 1984, 2016, 2048, 2080, 2112, 2144, 2176, 2208, 2240, 2272, 2304, 2336, 2368, 2400, 2432, 2464, 2496, 2528, 2560, 2592, 2624, 2656, 2688, 2720, 2752, 2784, 2816, 2848, 2880, 2912, 2944, 2976, 3008, 3040, 3072, 3104, 3136, 3168, 3200, 3232, 3264, 3296, 3328, 3360, 3392, 3424, 3456, 3488, 3520, 3552, 3584, 3616, 3648, 3680, 3712, 3744, 3776, 3808, 3840, 3872, 3904, 3936, 3968, 4000, 4032, 4064, 4096, 4128, 4160, 4192, 4224, 4256, 4288, 4320, 4352, 4384, 4416, 4448, 4480, 4512, 4544, 4576, 4608, 4640, 4672, 4704, 4736, 4768, 4800, 4832, 4864, 4896, 4928, 4960, 4992, 5024, 5056, 5088, 5120, 5152, 5184, 5216, 5248, 5280, 5312, 5344, 5376, 5408, 5440, 5472, 5504, 5536, 5568, 5600, 5632, 5664, 5696, 5728, 5760, 5792, 5824, 5856, 5888, 5920, 5952, 5984, 6016, 6048, 6080],