{"train": {"loss": {"steps": [32, 64, 96, 128, 160, 192, 224, 256, 288, 320, 352, 384, 416, 448, 480, 512, 544, 576, 608, 640, 672, 704, 736, 768, 800, 832, 864, 896, 928, 960, 992, 1024, 1056, 1088, 1120], "values": [0.7005385160446167, 0.687580943107605, 0.7036757469177246, 0.7051421403884888, 0.6761008501052856, 0.671629011631012, 0.6561309099197388, 0.6368346214294434, 0.6250851154327393, 0.6135475635528564, 0.6022244691848755, 0.6025965213775635, 0.5933516025543213, 0.5696843862533569, 0.551453709602356, 0.5265342593193054, 0.4768570065498352, 0.5031223297119141, 0.4475041627883911, 0.42706960439682007, 0.46090346574783325, 0.43136969208717346, 0.41139715909957886, 0.37653839588165283, 0.37518739700317383, 0.35539811849594116, 0.3821065425872803, 0.3470340371131897, 0.3062153160572052, 0.3198469877243042, 0.34319353103637695, 0.319418728351593, 0.3299850523471832, 0.31086432933807373, 0.40235406160354614]}}, "meta": {"lr": {"steps": [32, 64, 96, 128, 160, 192, 224, 256, 288, 320, 352, 384, 416, 448, 480, 512, 544, 576, 608, 640, 672, 704, 736, 768, 800, 832, 864, 896, 928, 960, 992, 1024, 1056, 1088, 1120], "values": [0.0009979871469976197, 0.0009919647942993148, 0.0009819814303479266, 0.0009681174353198686, 0.0009504844339512095, 0.000929224396800933, 0.0009045084971874737, 0.0008765357330018055, 0.0008455313244934324, 0.0008117449009293668, 0.0007754484907260512, 0.0007369343312364993, 0.0006965125158269618, 0.0006545084971874737, 0.0006112604669781572, 0.0005671166329088278, 0.0005224324151752575, 0.0004775675848247427, 0.0004328833670911724, 0.00038873953302184284, 0.00034549150281252633, 0.0003034874841730382, 0.0002630656687635007, 0.0002245515092739488, 0.00018825509907063325, 0.00015446867550656767, 0.00012346426699819457, 9.549150281252633e-05, 7.077560319906695e-05, 4.9515566048790485e-05, 3.18825646801314e-05, 1.801856965207338e-05, 8.035205700685167e-06, 2.012853002380466e-06, 0.0]}}, "validation": {"loss": {"steps": [224, 448, 672, 896, 1120], "values": [0.6708638072013855, 0.6447179317474365, 0.6030632257461548, 0.5548803806304932, 0.5169936418533325]}, "ROC_AUC": {"steps": [224, 448, 672, 896, 1120], "values": [0.8616071428571428, 0.8448660714285714, 0.8493303571428572, 0.8794642857142858, 0.8883928571428572]}}}