{"train": {"loss": {"steps": [16, 32, 48, 64, 80, 96, 112, 128, 144, 160, 176, 192, 208, 224, 240, 256, 272, 288, 304, 320, 336, 352, 368, 384, 400, 416, 432, 448, 464, 480, 496, 512, 528, 544, 560, 576, 592, 608, 624, 640, 656, 672, 688, 704, 720, 736, 752, 768, 784, 800, 816, 832, 848, 864, 880, 896, 912, 928, 944, 960, 976, 992, 1008, 1024, 1040, 1056, 1072, 1088, 1104, 1120, 1136, 1152, 1168, 1184, 1200, 1216, 1232, 1248, 1264, 1280, 1296, 1312, 1328, 1344, 1360, 1376, 1392, 1408, 1424, 1440, 1456, 1472, 1488, 1504, 1520, 1536, 1552, 1568, 1584, 1600, 1616, 1632, 1648, 1664, 1680, 1696, 1712, 1728, 1744, 1760, 1776, 1792, 1808, 1824, 1840, 1856, 1872, 1888, 1904, 1920], "values": [0.7123898863792419, 0.6737565994262695, 0.6573812961578369, 0.634126603603363, 0.6034590005874634, 0.5834758281707764, 0.5465624332427979, 0.5193251371383667, 0.4976033568382263, 0.478715717792511, 0.4619431495666504, 0.4386431574821472, 0.42300963401794434, 0.40718507766723633, 0.40509626269340515, 0.3900986909866333, 0.37699073553085327, 0.3629560172557831, 0.35558244585990906, 0.34009164571762085, 0.3385508954524994, 0.3237658143043518, 0.3184884488582611, 0.307403028011322, 0.30723556876182556, 0.29655665159225464, 0.29461005330085754, 0.28768444061279297, 0.27543437480926514, 0.2786232829093933, 0.2694106101989746, 0.2657160460948944, 0.26558980345726013, 0.2612776756286621, 0.25657543540000916, 0.25710779428482056, 0.2540924549102783, 0.2507252097129822, 0.24982312321662903, 0.2452404499053955, 0.24581560492515564, 0.24319879710674286, 0.24241846799850464, 0.24085144698619843, 0.23778977990150452, 0.23290865123271942, 0.23024946451187134, 0.23148679733276367, 0.23058784008026123, 0.22959402203559875, 0.2273702472448349, 0.22954201698303223, 0.2252417653799057, 0.22402457892894745, 0.22534571588039398, 0.22431588172912598, 0.22523251175880432, 0.22281807661056519, 0.22116822004318237, 0.22268807888031006, 0.22100484371185303, 0.21822214126586914, 0.2181701362133026, 0.2176005095243454, 0.21732012927532196, 0.218072772026062, 0.2139318883419037, 0.21879540383815765, 0.21352963149547577, 0.2140272855758667, 0.21560530364513397, 0.21463821828365326, 0.21264711022377014, 0.21435701847076416, 0.21523849666118622, 0.21066772937774658, 0.21156620979309082, 0.2122173011302948, 0.21244081854820251, 0.21137204766273499, 0.21253201365470886, 0.20890389382839203, 0.2117554247379303, 0.21217432618141174, 0.2118152379989624, 0.21387013792991638, 0.2096966952085495, 0.21109525859355927, 0.20888108015060425, 0.21260008215904236, 0.21150025725364685, 0.20832565426826477, 0.21040651202201843, 0.20822572708129883, 0.2101346254348755, 0.21024976670742035, 0.20936492085456848, 0.21052134037017822, 0.20937475562095642, 0.21197733283042908, 0.2077552080154419, 0.20718620717525482, 0.2094327211380005, 0.20985108613967896, 0.20852266252040863, 0.20847877860069275, 0.2080126255750656, 0.20902423560619354, 0.20779845118522644, 0.20995275676250458, 0.2079790085554123, 0.2075880765914917, 0.2087620347738266, 0.20475876331329346, 0.20891225337982178, 0.20757322013378143, 0.2109270542860031, 0.20595324039459229, 0.20847801864147186, 0.2074703425168991]}}, "meta": {"lr": {"steps": [16, 32, 48, 64, 80, 96, 112, 128, 144, 160, 176, 192, 208, 224, 240, 256, 272, 288, 304, 320, 336, 352, 368, 384, 400, 416, 432, 448, 464, 480, 496, 512, 528, 544, 560, 576, 592, 608, 624, 640, 656, 672, 688, 704, 720, 736, 752, 768, 784, 800, 816, 832, 848, 864, 880, 896, 912, 928, 944, 960, 976, 992, 1008, 1024, 1040, 1056, 1072, 1088, 1104, 1120, 1136, 1152, 1168, 1184, 1200, 1216, 1232, 1248, 1264, 1280, 1296, 1312, 1328, 1344, 1360, 1376, 1392, 1408, 1424, 1440, 1456, 1472, 1488, 1504, 1520, 1536, 1552, 1568, 1584, 1600, 1616, 1632, 1648, 1664, 1680, 1696, 1712, 1728, 1744, 1760, 1776, 1792, 1808, 1824, 1840, 1856, 1872, 1888, 1904, 1920], "values": [9.998286624877786e-06, 9.993147673772869e-06, 9.984586668665641e-06, 9.972609476841368e-06, 9.957224306869053e-06, 9.938441702975689e-06, 9.916274537819774e-06, 9.890738003669029e-06, 9.861849601988384e-06, 9.829629131445342e-06, 9.794098674340966e-06, 9.755282581475769e-06, 9.713207455460893e-06, 9.667902132486009e-06, 9.619397662556434e-06, 9.567727288213005e-06, 9.512926421749305e-06, 9.45503262094184e-06, 9.394085563309827e-06, 9.330127018922195e-06, 9.263200821770462e-06, 9.193352839727122e-06, 9.120630943110078e-06, 9.045084971874738e-06, 8.966766701456177e-06, 8.885729807284855e-06, 8.802029828000157e-06, 8.715724127386971e-06, 8.626871855061438e-06, 8.535533905932739e-06, 8.44177287846877e-06, 8.345653031794292e-06, 8.247240241650918e-06, 8.146601955249187e-06, 8.043807145043604e-06, 7.938926261462366e-06, 7.832031184624165e-06, 7.723195175075136e-06, 7.612492823579744e-06, 7.500000000000001e-06, 7.3857938012980425e-06, 7.269952498697734e-06, 7.1525554840414765e-06, 7.033683215379002e-06, 6.913417161825449e-06, 6.7918397477265e-06, 6.669034296168855e-06, 6.545084971874738e-06, 6.420076723519615e-06, 6.294095225512604e-06, 6.1672268192795285e-06, 6.039558454088796e-06, 5.911177627460739e-06, 5.782172325201155e-06, 5.65263096110026e-06, 5.522642316338268e-06, 5.392295478639226e-06, 5.2616797812147205e-06, 5.130884741539367e-06, 5e-06, 4.869115258460636e-06, 4.738320218785281e-06, 4.6077045213607765e-06, 4.477357683661734e-06, 4.347369038899744e-06, 4.217827674798845e-06, 4.088822372539263e-06, 3.960441545911205e-06, 3.832773180720475e-06, 3.705904774487396e-06, 3.579923276480387e-06, 3.4549150281252635e-06, 3.330965703831146e-06, 3.2081602522734987e-06, 3.0865828381745515e-06, 2.966316784621e-06, 2.8474445159585235e-06, 2.7300475013022666e-06, 2.614206198701958e-06, 2.5000000000000015e-06, 2.387507176420256e-06, 2.2768048249248648e-06, 2.1679688153758373e-06, 2.061073738537635e-06, 1.956192854956397e-06, 1.8533980447508138e-06, 1.7527597583490825e-06, 1.6543469682057105e-06, 1.5582271215312294e-06, 1.4644660940672628e-06, 1.373128144938563e-06, 1.2842758726130283e-06, 1.1979701719998454e-06, 1.1142701927151456e-06, 1.0332332985438248e-06, 9.549150281252633e-07, 8.793690568899216e-07, 8.066471602728804e-07, 7.367991782295392e-07, 6.698729810778065e-07, 6.059144366901737e-07, 5.449673790581611e-07, 4.87073578250698e-07, 4.322727117869951e-07, 3.8060233744356634e-07, 3.320978675139919e-07, 2.867925445391079e-07, 2.447174185242324e-07, 2.0590132565903475e-07, 1.7037086855465902e-07, 1.3815039801161723e-07, 1.0926199633097156e-07, 8.372546218022747e-08, 6.15582970243117e-08, 4.2775693130948094e-08, 2.7390523158633552e-08, 1.541333133436018e-08, 6.852326227130835e-09, 1.7133751222137007e-09, 0.0]}}, "validation": {"loss": {"steps": [960, 1920], "values": [0.2209683358669281, 0.20935188233852386]}, "ROC_AUC": {"steps": [960, 1920], "values": [0.7807420744621236, 0.8716956318095205]}}}