{"train": {"loss": {"steps": [16, 32, 48, 64, 80, 96, 112, 128, 144, 160, 176, 192, 208, 224, 240, 256, 272, 288, 304, 320, 336, 352, 368, 384, 400, 416, 432, 448, 464, 480, 496, 512, 528, 544, 560, 576, 592, 608, 624, 640, 656, 672, 688, 704, 720, 736, 752, 768, 784, 800, 816, 832, 848, 864, 880, 896, 912, 928, 944, 960, 976, 992, 1008, 1024, 1040, 1056, 1072, 1088, 1104, 1120, 1136, 1152, 1168, 1184, 1200, 1216, 1232, 1248, 1264, 1280, 1296, 1312, 1328, 1344, 1360, 1376, 1392, 1408, 1424, 1440, 1456, 1472, 1488, 1504, 1520, 1536, 1552, 1568, 1584, 1600], "values": [2.5782063007354736, 2.467463970184326, 2.380620002746582, 2.276325225830078, 2.302598476409912, 2.233767032623291, 2.1918766498565674, 2.0820400714874268, 2.0910251140594482, 2.0414540767669678, 2.0103354454040527, 1.9025667905807495, 1.8583616018295288, 1.8110458850860596, 1.8335715532302856, 1.8047664165496826, 1.7541446685791016, 1.7204880714416504, 1.621591329574585, 1.6576602458953857, 1.5037813186645508, 1.5890886783599854, 1.3327651023864746, 1.5340356826782227, 1.514549970626831, 1.495126485824585, 1.4695110321044922, 1.4461817741394043, 1.4239650964736938, 1.4072675704956055, 1.3985326290130615, 1.369483470916748, 1.3634026050567627, 1.2948812246322632, 1.272317886352539, 1.3158140182495117, 1.2470382452011108, 1.3000935316085815, 1.2817822694778442, 1.2739638090133667, 1.2671397924423218, 1.2049310207366943, 1.1895029544830322, 1.2452763319015503, 1.2357429265975952, 1.2335474491119385, 1.1756017208099365, 1.2248733043670654, 1.2146971225738525, 1.2066766023635864, 1.1586153507232666, 1.1908894777297974, 1.1418848037719727, 1.2078359127044678, 1.184139609336853, 1.18964421749115, 1.1831966638565063, 1.1790602207183838, 1.1233596801757812, 1.1120424270629883, 1.1653190851211548, 1.1652588844299316, 1.1748005151748657, 1.123158574104309, 1.163395881652832, 1.0977877378463745, 1.1659128665924072, 1.1602928638458252, 1.161366581916809, 1.1652106046676636, 1.1430156230926514, 1.140034556388855, 1.1411962509155273, 1.1504631042480469, 1.1454991102218628, 1.1357736587524414, 1.0833775997161865, 1.1478127241134644, 1.1459888219833374, 1.1414463520050049, 1.150078535079956, 1.0551358461380005, 1.132063388824463, 1.1278234720230103, 1.0764660835266113, 1.1331110000610352, 1.0838154554367065, 1.1433444023132324, 1.1276339292526245, 1.1317191123962402, 1.135170817375183, 1.1291838884353638, 1.1544474363327026, 1.129485845565796, 1.133054256439209, 1.13507080078125, 1.0815826654434204, 1.1253883838653564, 1.1458244323730469, 1.1409940719604492]}}, "meta": {"lr": {"steps": [16, 32, 48, 64, 80, 96, 112, 128, 144, 160, 176, 192, 208, 224, 240, 256, 272, 288, 304, 320, 336, 352, 368, 384, 400, 416, 432, 448, 464, 480, 496, 512, 528, 544, 560, 576, 592, 608, 624, 640, 656, 672, 688, 704, 720, 736, 752, 768, 784, 800, 816, 832, 848, 864, 880, 896, 912, 928, 944, 960, 976, 992, 1008, 1024, 1040, 1056, 1072, 1088, 1104, 1120, 1136, 1152, 1168, 1184, 1200, 1216, 1232, 1248, 1264, 1280, 1296, 1312, 1328, 1344, 1360, 1376, 1392, 1408, 1424, 1440, 1456, 1472, 1488, 1504, 1520, 1536, 1552, 1568, 1584, 1600], "values": [0.0009997532801828658, 0.0009990133642141358, 0.00099778098230154, 0.000996057350657239, 0.0009938441702975688, 0.0009911436253643444, 0.0009879583809693738, 0.0009842915805643156, 0.0009801468428384716, 0.0009755282581475768, 0.0009704403844771128, 0.0009648882429441257, 0.0009588773128419905, 0.0009524135262330098, 0.0009455032620941839, 0.0009381533400219318, 0.0009303710135019718, 0.0009221639627510075, 0.0009135402871372809, 0.0009045084971874737, 0.0008950775061878452, 0.0008852566213878947, 0.0008750555348152298, 0.0008644843137107057, 0.0008535533905932737, 0.0008422735529643444, 0.0008306559326618259, 0.0008187119948743449, 0.0008064535268264883, 0.0007938926261462366, 0.0007810416889260653, 0.0007679133974894983, 0.0007545207078751857, 0.0007408768370508576, 0.0007269952498697733, 0.0007128896457825364, 0.0006985739453173903, 0.0006840622763423391, 0.0006693689601226458, 0.0006545084971874737, 0.0006394955530196147, 0.0006243449435824276, 0.0006090716206982714, 0.0005936906572928624, 0.0005782172325201155, 0.0005626666167821521, 0.0005470541566592572, 0.0005313952597646568, 0.0005157053795390641, 0.0005, 0.00048429462046093585, 0.0004686047402353433, 0.00045294584334074284, 0.00043733338321784784, 0.0004217827674798845, 0.0004063093427071376, 0.0003909283793017289, 0.0003756550564175727, 0.0003605044469803854, 0.00034549150281252633, 0.0003306310398773543, 0.00031593772365766105, 0.00030142605468260977, 0.00028711035421746366, 0.00027300475013022663, 0.0002591231629491423, 0.00024547929212481435, 0.00023208660251050156, 0.0002189583110739348, 0.00020610737385376348, 0.00019354647317351188, 0.00018128800512565513, 0.00016934406733817414, 0.00015772644703565563, 0.00014644660940672628, 0.00013551568628929433, 0.0001249444651847702, 0.00011474337861210544, 0.00010492249381215479, 9.549150281252633e-05, 8.645971286271903e-05, 7.783603724899258e-05, 6.962898649802824e-05, 6.184665997806832e-05, 5.449673790581611e-05, 4.758647376699032e-05, 4.112268715800943e-05, 3.5111757055874326e-05, 2.9559615522887274e-05, 2.4471741852423235e-05, 1.985315716152847e-05, 1.5708419435684463e-05, 1.2041619030626282e-05, 8.856374635655695e-06, 6.15582970243117e-06, 3.942649342761117e-06, 2.219017698460002e-06, 9.866357858642206e-07, 2.467198171342e-07, 0.0]}}, "validation": {"loss": {"steps": [320, 640, 960, 1280, 1600], "values": [1.6278349161148071, 1.2932705879211426, 1.1700595617294312, 1.1315810680389404, 1.1235911846160889]}, "IoU": {"steps": [320, 640, 960, 1280, 1600], "values": [0.09484478886825423, 0.5714503478566761, 0.6456626866067031, 0.6466282463856151, 0.6469837245370401]}}}