{"train": {"loss": {"steps": [32, 64, 96, 128, 160, 192, 224, 256, 288, 320, 352, 384, 416, 448, 480, 512, 544, 576, 608, 640, 672, 704, 736, 768, 800, 832, 864, 896, 928, 960, 992, 1024, 1056, 1088, 1120, 1152, 1184, 1216, 1248, 1280, 1312, 1344, 1376, 1408, 1440, 1472, 1504, 1536, 1568, 1600, 1632, 1664, 1696, 1728, 1760, 1792, 1824, 1856, 1888, 1920, 1952, 1984, 2016, 2048, 2080, 2112, 2144, 2176, 2208, 2240, 2272, 2304, 2336, 2368, 2400, 2432, 2464, 2496, 2528, 2560, 2592, 2624, 2656, 2688, 2720, 2752, 2784, 2816, 2848, 2880, 2912, 2944, 2976, 3008, 3040, 3072, 3104, 3136, 3168, 3200, 3232, 3264, 3296, 3328, 3360, 3392, 3424, 3456, 3488, 3520, 3552, 3584, 3616, 3648, 3680, 3712, 3744, 3776, 3808, 3840, 3872, 3904, 3936, 3968, 4000, 4032, 4064, 4096, 4128, 4160, 4192, 4224, 4256, 4288, 4320, 4352, 4384, 4416, 4448, 4480, 4512, 4544, 4576, 4608, 4640, 4672, 4704, 4736, 4768, 4800, 4832, 4864, 4896, 4928, 4960, 4992, 5024, 5056, 5088, 5120, 5152, 5184, 5216, 5248, 5280, 5312, 5344, 5376, 5408, 5440, 5472, 5504, 5536, 5568, 5600, 5632, 5664, 5696, 5728, 5760, 5792, 5824, 5856, 5888, 5920, 5952, 5984, 6016, 6048, 6080, 6112, 6144, 6176, 6208, 6240, 6272, 6304, 6336, 6368, 6400, 6432, 6464, 6496, 6528, 6560], "values": [0.6949396133422852, 0.6593838930130005, 0.6204283833503723, 0.5865060687065125, 0.5710089206695557, 0.5184959769248962, 0.4858405590057373, 0.46485522389411926, 0.42648422718048096, 0.4345729351043701, 0.35114040970802307, 0.35683363676071167, 0.3215722441673279, 0.2927330434322357, 0.391297310590744, 0.3118426501750946, 0.22795414924621582, 0.20592263340950012, 0.2643147110939026, 0.19429713487625122, 0.13214221596717834, 0.25444933772087097, 0.12689946591854095, 0.18011686205863953, 0.10296422243118286, 0.1551312804222107, 0.1045222282409668, 0.1191372498869896, 0.14908745884895325, 0.17540398240089417, 0.12839224934577942, 0.11419368535280228, 0.08464180678129196, 0.05875086784362793, 0.10639798641204834, 0.11881643533706665, 0.057324446737766266, 0.15580016374588013, 0.06922660768032074, 0.1099560484290123, 0.05680667236447334, 0.06080543249845505, 0.03000122494995594, 0.012851793318986893, 0.031961724162101746, 0.0705312043428421, 0.07428467273712158, 0.032141219824552536, 0.06674479693174362, 0.0625055581331253, 0.02040434069931507, 0.05059606581926346, 0.021454639732837677, 0.04150696098804474, 0.13753533363342285, 0.036235496401786804, 0.01651860773563385, 0.0191885344684124, 0.1288153976202011, 0.2531675696372986, 0.05227303504943848, 0.06237855181097984, 0.01917605847120285, 0.018363259732723236, 0.04961133748292923, 0.042833082377910614, 0.048501938581466675, 0.02007562480866909, 0.0791933462023735, 0.010458392091095448, 0.030608952045440674, 0.07949198782444, 0.025758733972907066, 0.03543976694345474, 0.08219896256923676, 0.036987558007240295, 0.05983024835586548, 0.06842146813869476, 0.05832211673259735, 0.019567884504795074, 0.042330190539360046, 0.051031921058893204, 0.0195144172757864, 0.014627037569880486, 0.005436691455543041, 0.020153602585196495, 0.015931451693177223, 0.00490266177803278, 0.025878649204969406, 0.03838362544775009, 0.031216192990541458, 0.003040652722120285, 0.011860411614179611, 0.04658712446689606, 0.009422550909221172, 0.09282044321298599, 0.027916930615901947, 0.06412830203771591, 0.02563081495463848, 0.00844123400747776, 0.056106843054294586, 0.01311106514185667, 0.03328932821750641, 0.013836945407092571, 0.008046945556998253, 0.02585313469171524, 0.04033984616398811, 0.030618226155638695, 0.00279736565425992, 0.004287661053240299, 0.04180898144841194, 0.058637212961912155, 0.03233182057738304, 0.11147059500217438, 0.018295908346772194, 0.015699755400419235, 0.014545351266860962, 0.007705061696469784, 0.01342470571398735, 0.021096086129546165, 0.027307776734232903, 0.029595457017421722, 0.01766989566385746, 0.007864827290177345, 0.00792703777551651, 0.03732628375291824, 0.029347777366638184, 0.01606963947415352, 0.020329471677541733, 0.004563800059258938, 0.009762587025761604, 0.008018279448151588, 0.005001107230782509, 0.004837644286453724, 0.037410981953144073, 0.0039279405027627945, 0.021878467872738838, 0.03551885858178139, 0.0015131664695218205, 0.00870901346206665, 0.00248267431743443, 0.013657346367835999, 0.04107265546917915, 0.017091184854507446, 0.01567498967051506, 0.004695569165050983, 0.013792584650218487, 0.005217275582253933, 0.00502163078635931, 0.0041961404494941235, 0.05032270401716232, 0.0033117388375103474, 0.018667899072170258, 0.00414261594414711, 0.06128663569688797, 0.03439119830727577, 0.09082715958356857, 0.003038163995370269, 0.004519405774772167, 0.004504119977355003, 0.007560929283499718, 0.008230108767747879, 0.00682242913171649, 0.006627870723605156, 0.003398616798222065, 0.02128974162042141, 0.09951924532651901, 0.009192593395709991, 0.0132059957832098, 0.06936673820018768, 0.010212668217718601, 0.016335975378751755, 0.006640370469540358, 0.004656888544559479, 0.001871203538030386, 0.01358318142592907, 0.01606883481144905, 0.0031751454807817936, 0.004440808203071356, 0.01445731706917286, 0.02777392975986004, 0.002041610423475504, 0.011868471279740334, 0.005995596293359995, 0.11994766443967819, 0.02478475496172905, 0.004143894650042057, 0.004240497015416622, 0.006276591680943966, 0.0012847278267145157, 0.007073195651173592, 0.0027163594495505095, 0.029540512710809708, 0.007680400740355253, 0.001999526983126998, 0.003945763222873211, 0.004655781202018261, 0.008131652139127254, 0.00519782118499279, 0.01863021031022072, 0.008527548983693123, 0.006776098161935806, 0.0030913078226149082, 0.006650907453149557, 0.14411664009094238]}}, "meta": {"lr": {"steps": [32, 64, 96, 128, 160, 192, 224, 256, 288, 320, 352, 384, 416, 448, 480, 512, 544, 576, 608, 640, 672, 704, 736, 768, 800, 832, 864, 896, 928, 960, 992, 1024, 1056, 1088, 1120, 1152, 1184, 1216, 1248, 1280, 1312, 1344, 1376, 1408, 1440, 1472, 1504, 1536, 1568, 1600, 1632, 1664, 1696, 1728, 1760, 1792, 1824, 1856, 1888, 1920, 1952, 1984, 2016, 2048, 2080, 2112, 2144, 2176, 2208, 2240, 2272, 2304, 2336, 2368, 2400, 2432, 2464, 2496, 2528, 2560, 2592, 2624, 2656, 2688, 2720, 2752, 2784, 2816, 2848, 2880, 2912, 2944, 2976, 3008, 3040, 3072, 3104, 3136, 3168, 3200, 3232, 3264, 3296, 3328, 3360, 3392, 3424, 3456, 3488, 3520, 3552, 3584, 3616, 3648, 3680, 3712, 3744, 3776, 3808, 3840, 3872, 3904, 3936, 3968, 4000, 4032, 4064, 4096, 4128, 4160, 4192, 4224, 4256, 4288, 4320, 4352, 4384, 4416, 4448, 4480, 4512, 4544, 4576, 4608, 4640, 4672, 4704, 4736, 4768, 4800, 4832, 4864, 4896, 4928, 4960, 4992, 5024, 5056, 5088, 5120, 5152, 5184, 5216, 5248, 5280, 5312, 5344, 5376, 5408, 5440, 5472, 5504, 5536, 5568, 5600, 5632, 5664, 5696, 5728, 5760, 5792, 5824, 5856, 5888, 5920, 5952, 5984, 6016, 6048, 6080, 6112, 6144, 6176, 6208, 6240, 6272, 6304, 6336, 6368, 6400, 6432, 6464, 6496, 6528, 6560],