{"train": {"loss": {"steps": [16, 32, 48, 64, 80, 96, 112, 128, 144, 160], "values": [0.6446754932403564, 0.6537333726882935, 0.6546877026557922, 0.6226574182510376, 0.5678589344024658, 0.5362322926521301, 0.591711163520813, 0.5575133562088013, 0.5636450052261353, 0.4711586534976959]}}, "meta": {"lr": {"steps": [16, 32, 48, 64, 80, 96, 112, 128, 144, 160], "values": [9.755282581475769e-06, 9.045084971874738e-06, 7.938926261462366e-06, 6.545084971874738e-06, 5e-06, 3.4549150281252635e-06, 2.061073738537635e-06, 9.549150281252633e-07, 2.447174185242324e-07, 0.0]}}, "validation": {"loss": {"steps": [80, 160], "values": [0.7273215651512146, 0.7388501167297363]}, "ROC_AUC": {"steps": [80, 160], "values": [0.6666666666666667, 0.7037037037037037]}}}