{"train": {"loss": {"steps": [16, 32, 48, 64, 80, 96, 112, 128, 144, 160, 176, 192, 208, 224, 240, 256, 272, 288, 304, 320, 336, 352, 368, 384, 400, 416, 432, 448, 464, 480, 496, 512, 528, 544, 560, 576, 592, 608, 624, 640, 656, 672, 688, 704, 720, 736, 752, 768, 784, 800, 816, 832, 848, 864, 880, 896, 912, 928, 944, 960, 976, 992, 1008, 1024, 1040, 1056, 1072, 1088, 1104, 1120, 1136, 1152, 1168, 1184, 1200, 1216, 1232, 1248, 1264, 1280, 1296, 1312, 1328, 1344, 1360, 1376, 1392, 1408, 1424, 1440, 1456, 1472, 1488, 1504, 1520, 1536, 1552, 1568, 1584, 1600, 1616, 1632, 1648, 1664, 1680, 1696, 1712, 1728, 1744, 1760, 1776, 1792, 1808, 1824, 1840, 1856, 1872, 1888, 1904, 1920, 1936, 1952, 1968, 1984, 2000, 2016, 2032, 2048, 2064, 2080, 2096, 2112, 2128, 2144, 2160, 2176, 2192, 2208, 2224, 2240, 2256, 2272, 2288, 2304, 2320, 2336, 2352, 2368, 2384, 2400, 2416, 2432, 2448, 2464, 2480, 2496, 2512, 2528, 2544, 2560, 2576, 2592, 2608, 2624, 2640, 2656, 2672, 2688, 2704, 2720, 2736, 2752, 2768, 2784, 2800, 2816, 2832, 2848, 2864, 2880, 2896, 2912, 2928, 2944, 2960, 2976, 2992, 3008, 3024, 3040, 3056, 3072, 3088, 3104, 3120, 3136, 3152, 3168, 3184, 3200, 3216, 3232, 3248, 3264, 3280, 3296, 3312, 3328, 3344, 3360], "values": [0.6942899823188782, 0.6884444355964661, 0.6843292713165283, 0.6653326749801636, 0.6533339619636536, 0.6421645879745483, 0.6086867451667786, 0.5698741674423218, 0.5300617218017578, 0.4570319354534149, 0.40078088641166687, 0.36617788672447205, 0.357011079788208, 0.35418131947517395, 0.351907879114151, 0.35951104760169983, 0.35749903321266174, 0.3484475910663605, 0.3524131178855896, 0.3528253138065338, 0.3598664104938507, 0.3528132438659668, 0.35146936774253845, 0.36300501227378845, 0.4505578279495239, 0.34788504242897034, 0.3624939024448395, 0.3530496656894684, 0.3575155436992645, 0.35351070761680603, 0.3501034677028656, 0.33906108140945435, 0.3565042018890381, 0.35210490226745605, 0.3577668368816376, 0.34270748496055603, 0.3624035120010376, 0.364713579416275, 0.3691384792327881, 0.3535972833633423, 0.346314013004303, 0.3522588312625885, 0.3403800427913666, 0.35498666763305664, 0.33535629510879517, 0.35659700632095337, 0.3417625427246094, 0.3654170632362366, 0.363097608089447, 0.3424665629863739, 0.35336241126060486, 0.34160128235816956, 0.3410564661026001, 0.33833494782447815, 0.3420822322368622, 0.3506592810153961, 0.3547116816043854, 0.3504639267921448, 0.36089175939559937, 0.3505834639072418, 0.3508700728416443, 0.3481038808822632, 0.348012238740921, 0.35206055641174316, 0.34901195764541626, 0.34549158811569214, 0.35651031136512756, 0.33662810921669006, 0.3626655638217926, 0.3530753552913666, 0.35003238916397095, 0.35247522592544556, 0.3468480408191681, 0.35336798429489136, 0.34361734986305237, 0.3452092707157135, 0.3502484858036041, 0.3453144431114197, 0.348758339881897, 0.35052037239074707, 0.3466358780860901, 0.3657800257205963, 0.34300926327705383, 0.3714143633842468, 0.3473508656024933, 0.34796142578125, 0.3562149107456207, 0.35101357102394104, 0.345299631357193, 0.3440571427345276, 0.341993123292923, 0.33133718371391296, 0.3463221490383148, 0.3519054651260376, 0.3442421555519104, 0.3417639434337616, 0.3416720926761627, 0.3411509096622467, 0.3477679491043091, 0.32914403080940247, 0.35011374950408936, 0.3345058858394623, 0.34125465154647827, 0.32911017537117004, 0.320601224899292, 0.3336394131183624, 0.333425909280777, 0.3248249590396881, 0.32059383392333984, 0.32876554131507874, 0.32488778233528137, 0.3205867111682892, 0.3325435221195221, 0.3218797445297241, 0.3210102319717407, 0.34439393877983093, 0.32736483216285706, 0.3272746205329895, 0.30034366250038147, 0.31589755415916443, 0.2906324863433838, 0.3286004960536957, 0.28264284133911133, 0.3323597013950348, 0.3098301589488983, 0.3043079674243927, 0.29439252614974976, 0.30132874846458435, 0.3215533494949341, 0.339559942483902, 0.28530699014663696, 0.29087039828300476, 0.2826108932495117, 0.2974540591239929, 0.3198607861995697, 0.2753344178199768, 0.31444501876831055, 0.2768949270248413, 0.26111212372779846, 0.3019111752510071, 0.2888127565383911, 0.29648202657699585, 0.3305434584617615, 0.29056763648986816, 0.2663514018058777, 0.28319090604782104, 0.2946641147136688, 0.29326289892196655, 0.2950441539287567, 0.27438947558403015, 0.2721042335033417, 0.2838258445262909, 0.26720988750457764, 0.29572436213493347, 0.27496278285980225, 0.26676326990127563, 0.26551756262779236, 0.3020806610584259, 0.2898050844669342, 0.25174590945243835, 0.2654062509536743, 0.27726808190345764, 0.2701208293437958, 0.2581424117088318, 0.3056855797767639, 0.29117393493652344, 0.26027193665504456, 0.2607952058315277, 0.27172932028770447, 0.24336634576320648, 0.2671228051185608, 0.27654340863227844, 0.26483842730522156, 0.2713981866836548, 0.2591609060764313, 0.25916433334350586, 0.2617100179195404, 0.2523595988750458, 0.2511568069458008, 0.253484308719635, 0.2740410268306732, 0.2719758450984955, 0.23869559168815613, 0.26916372776031494, 0.2760031819343567, 0.2597537636756897, 0.256482869386673, 0.2847764492034912, 0.2528153955936432, 0.2426167130470276, 0.26751211285591125, 0.26009124517440796, 0.2395094782114029, 0.2590767443180084, 0.26857438683509827, 0.23352056741714478, 0.255547434091568, 0.2726706862449646, 0.27721819281578064, 0.22907914221286774, 0.24536176025867462, 0.24543073773384094, 0.29416942596435547, 0.24364730715751648, 0.28534355759620667, 0.2501735985279083, 0.2778767943382263, 0.2566533088684082, 0.27944427728652954, 0.2705004811286926]}}, "meta": {"lr": {"steps": [16, 32, 48, 64, 80, 96, 112, 128, 144, 160, 176, 192, 208, 224, 240, 256, 272, 288, 304, 320, 336, 352, 368, 384, 400, 416, 432, 448, 464, 480, 496, 512, 528, 544, 560, 576, 592, 608, 624, 640, 656, 672, 688, 704, 720, 736, 752, 768, 784, 800, 816, 832, 848, 864, 880, 896, 912, 928, 944, 960, 976, 992, 1008, 1024, 1040, 1056, 1072, 1088, 1104, 1120, 1136, 1152, 1168, 1184, 1200, 1216, 1232, 1248, 1264, 1280, 1296, 1312, 1328, 1344, 1360, 1376, 1392, 1408, 1424, 1440, 1456, 1472, 1488, 1504, 1520, 1536, 1552, 1568, 1584, 1600, 1616, 1632, 1648, 1664, 1680, 1696, 1712, 1728, 1744, 1760, 1776, 1792, 1808, 1824, 1840, 1856, 1872, 1888, 1904, 1920, 1936, 1952, 1968, 1984, 2000, 2016, 2032, 2048, 2064, 2080, 2096, 2112, 2128, 2144, 2160, 2176, 2192, 2208, 2224, 2240, 2256, 2272, 2288, 2304, 2320, 2336, 2352, 2368, 2384, 2400, 2416, 2432, 2448, 2464, 2480, 2496, 2512, 2528, 2544, 2560, 2576, 2592, 2608, 2624, 2640, 2656, 2672, 2688, 2704, 2720, 2736, 2752, 2768, 2784, 2800, 2816, 2832, 2848, 2864, 2880, 2896, 2912, 2928, 2944, 2960, 2976, 2992, 3008, 3024, 3040, 3056, 3072, 3088, 3104, 3120, 3136, 3152, 3168, 3184, 3200, 3216, 3232, 3248, 3264, 3280, 3296, 3312, 3328, 3344, 3360],