{"train": {"loss": {"steps": [16, 32, 48, 64, 80, 96, 112, 128, 144, 160, 176, 192, 208, 224, 240, 256, 272, 288, 304, 320, 336, 352, 368, 384, 400, 416, 432, 448, 464, 480, 496, 512, 528, 544, 560, 576, 592, 608, 624, 640, 656, 672, 688, 704, 720, 736, 752, 768, 784, 800, 816, 832, 848, 864, 880], "values": [2.0362296104431152, 1.7641030550003052, 1.4682639837265015, 1.4587182998657227, 1.2928762435913086, 1.2721459865570068, 1.3302028179168701, 1.119652509689331, 1.2004722356796265, 1.1487027406692505, 1.1371562480926514, 0.9570223093032837, 1.075819730758667, 1.1074868440628052, 1.1477808952331543, 0.868989884853363, 0.9555160403251648, 1.1188836097717285, 1.0236579179763794, 1.1511402130126953, 0.9084071516990662, 1.0123412609100342, 0.9624558091163635, 1.0042880773544312, 0.9309573173522949, 1.2696197032928467, 0.7988396883010864, 0.9865285158157349, 0.7961211800575256, 0.9999344348907471, 0.9215182662010193, 0.6546670198440552, 0.7004501819610596, 0.7612737417221069, 1.1007521152496338, 0.7355424165725708, 0.6989717483520508, 0.9197174906730652, 0.7265655994415283, 1.0302916765213013, 0.7982059121131897, 0.7215763330459595, 0.6603789329528809, 1.13541841506958, 0.8158612847328186, 0.8373443484306335, 0.7651267647743225, 0.6519732475280762, 0.9061446189880371, 0.6986276507377625, 0.953080415725708, 0.7581689953804016, 0.8014019727706909, 1.0252248048782349, 0.6602038741111755]}}, "meta": {"lr": {"steps": [16, 32, 48, 64, 80, 96, 112, 128, 144, 160, 176, 192, 208, 224, 240, 256, 272, 288, 304, 320, 336, 352, 368, 384, 400, 416, 432, 448, 464, 480, 496, 512, 528, 544, 560, 576, 592, 608, 624, 640, 656, 672, 688, 704, 720, 736, 752, 768, 784, 800, 816, 832, 848, 864, 880], "values": [0.0009991845519630679, 0.0009967408676742752, 0.0009926769179238466, 0.0009870059584711668, 0.0009797464868072487, 0.0009709221818197624, 0.0009605618265574251, 0.0009486992143456792, 0.0009353730385598887, 0.0009206267664155906, 0.0009045084971874737, 0.0008870708053195413, 0.0008683705689382025, 0.0008484687843276469, 0.0008274303669726426, 0.0008053239398177191, 0.0007822216094333848, 0.000758198730819481, 0.0007333336616128369, 0.0007077075065009433, 0.0006814038526753205, 0.0006545084971874737, 0.0006271091670967436, 0.0005992952333228728, 0.0005711574191366427, 0.0005427875042394199, 0.0005142780253968481, 0.0004857219746031519, 0.0004572124957605803, 0.0004288425808633575, 0.00040070476667712743, 0.00037289083290325663, 0.00034549150281252633, 0.00031859614732467957, 0.0002922924934990568, 0.00026666633838716316, 0.00024180126918051909, 0.00021777839056661552, 0.0001946760601822809, 0.0001725696330273575, 0.00015153121567235335, 0.00013162943106179747, 0.00011292919468045875, 9.549150281252633e-05, 7.937323358440934e-05, 6.462696144011149e-05, 5.130078565432089e-05, 3.9438173442575e-05, 2.9077818180237692e-05, 2.025351319275137e-05, 1.2994041528833267e-05, 7.323082076153509e-06, 3.2591323257248896e-06, 8.15448036932176e-07, 0.0]}}, "validation": {"loss": {"steps": [176, 352, 528, 704, 880], "values": [8.029808044433594, 5.999835968017578, 0.8756230473518372, 0.7222008109092712, 0.703427791595459]}, "IoU": {"steps": [176, 352, 528, 704, 880], "values": [0.08035065653225182, 0.4221699124741225, 0.7068721533853111, 0.7439876951165473, 0.7487651795565549]}}}