{"train": {"loss": {"steps": [16, 32, 48, 64, 80, 96, 112, 128, 144, 160, 176, 192, 208, 224, 240, 256, 272, 288, 304, 320, 336, 352, 368, 384, 400, 416, 432, 448, 464, 480, 496, 512, 528, 544, 560, 576, 592, 608, 624, 640, 656, 672, 688, 704, 720, 736, 752, 768, 784, 800], "values": [2.3134000301361084, 2.1692752838134766, 2.056978702545166, 1.9694929122924805, 1.876960039138794, 1.7932368516921997, 1.7380070686340332, 1.697296142578125, 1.6206976175308228, 1.5863721370697021, 1.5349793434143066, 1.4836078882217407, 1.4563485383987427, 1.4108167886734009, 1.3645269870758057, 1.3489110469818115, 1.3132896423339844, 1.2847466468811035, 1.2856603860855103, 1.239983320236206, 1.1945390701293945, 1.1879185438156128, 1.159296989440918, 1.1673336029052734, 1.1311122179031372, 1.1421499252319336, 1.1209920644760132, 1.0965116024017334, 1.093561053276062, 1.081365942955017, 1.061328411102295, 1.0545265674591064, 1.043556571006775, 1.0438745021820068, 1.0144562721252441, 1.0163748264312744, 0.9993124008178711, 0.9993504881858826, 1.010957956314087, 0.9985518455505371, 1.0039201974868774, 1.0024045705795288, 1.0154072046279907, 0.9936085939407349, 0.984976053237915, 0.9798657894134521, 0.9809402227401733, 0.9881371259689331, 0.9718596935272217, 0.9750691652297974]}}, "meta": {"lr": {"steps": [16, 32, 48, 64, 80, 96, 112, 128, 144, 160, 176, 192, 208, 224, 240, 256, 272, 288, 304, 320, 336, 352, 368, 384, 400, 416, 432, 448, 464, 480, 496, 512, 528, 544, 560, 576, 592, 608, 624, 640, 656, 672, 688, 704, 720, 736, 752, 768, 784, 800], "values": [0.0009990133642141358, 0.000996057350657239, 0.0009911436253643444, 0.0009842915805643156, 0.0009755282581475768, 0.0009648882429441257, 0.0009524135262330098, 0.0009381533400219318, 0.0009221639627510075, 0.0009045084971874737, 0.0008852566213878947, 0.0008644843137107057, 0.0008422735529643444, 0.0008187119948743449, 0.0007938926261462366, 0.0007679133974894983, 0.0007408768370508576, 0.0007128896457825364, 0.0006840622763423391, 0.0006545084971874737, 0.0006243449435824276, 0.0005936906572928624, 0.0005626666167821521, 0.0005313952597646568, 0.0005, 0.0004686047402353433, 0.00043733338321784784, 0.0004063093427071376, 0.0003756550564175727, 0.00034549150281252633, 0.00031593772365766105, 0.00028711035421746366, 0.0002591231629491423, 0.00023208660251050156, 0.00020610737385376348, 0.00018128800512565513, 0.00015772644703565563, 0.00013551568628929433, 0.00011474337861210544, 9.549150281252633e-05, 7.783603724899258e-05, 6.184665997806832e-05, 4.758647376699032e-05, 3.5111757055874326e-05, 2.4471741852423235e-05, 1.5708419435684463e-05, 8.856374635655695e-06, 3.942649342761117e-06, 9.866357858642206e-07, 0.0]}}, "validation": {"loss": {"steps": [160, 320, 480, 640, 800], "values": [2.418637275695801, 1.2639613151550293, 1.0711369514465332, 1.0179715156555176, 0.9974448084831238]}, "IoU": {"steps": [160, 320, 480, 640, 800], "values": [0.20192352904682528, 0.45317757216154747, 0.5116018977862598, 0.543224713287474, 0.5680459121505536]}}}