{"train": {"loss": {"steps": [32, 64, 96, 128, 160, 192, 224, 256, 288, 320, 352, 384, 416, 448, 480, 512, 544, 576, 608, 640, 672, 704, 736, 768, 800, 832, 864, 896, 928, 960, 992, 1024, 1056, 1088, 1120, 1152, 1184, 1216, 1248, 1280, 1312, 1344, 1376, 1408, 1440, 1472, 1504, 1536, 1568, 1600, 1632, 1664, 1696, 1728, 1760, 1792, 1824, 1856, 1888, 1920, 1952, 1984, 2016, 2048, 2080, 2112, 2144, 2176, 2208, 2240, 2272, 2304, 2336, 2368, 2400, 2432, 2464, 2496, 2528, 2560, 2592, 2624, 2656, 2688, 2720, 2752, 2784, 2816, 2848, 2880, 2912, 2944, 2976, 3008, 3040, 3072, 3104, 3136, 3168, 3200, 3232, 3264, 3296, 3328, 3360, 3392, 3424, 3456, 3488, 3520, 3552, 3584, 3616, 3648, 3680, 3712, 3744, 3776, 3808, 3840, 3872, 3904, 3936, 3968, 4000, 4032, 4064, 4096, 4128, 4160, 4192, 4224, 4256, 4288, 4320, 4352, 4384, 4416, 4448, 4480, 4512, 4544, 4576, 4608, 4640, 4672, 4704, 4736, 4768, 4800, 4832, 4864, 4896, 4928, 4960, 4992, 5024, 5056, 5088, 5120, 5152, 5184, 5216, 5248, 5280, 5312, 5344, 5376, 5408, 5440, 5472, 5504, 5536, 5568, 5600, 5632, 5664, 5696, 5728, 5760, 5792, 5824, 5856, 5888, 5920, 5952, 5984, 6016, 6048, 6080, 6112, 6144, 6176, 6208, 6240, 6272, 6304, 6336, 6368, 6400, 6432, 6464, 6496, 6528, 6560, 6592, 6624, 6656, 6688, 6720, 6752, 6784, 6816, 6848, 6880, 6912, 6944, 6976, 7008, 7040, 7072, 7104, 7136, 7168, 7200, 7232, 7264, 7296, 7328, 7360, 7392, 7424, 7456, 7488, 7520, 7552, 7584, 7616, 7648, 7680, 7712, 7744, 7776, 7808, 7840, 7872, 7904, 7936, 7968, 8000, 8032, 8064, 8096, 8128, 8160, 8192, 8224, 8256, 8288, 8320, 8352, 8384, 8416, 8448, 8480, 8512, 8544, 8576, 8608, 8640, 8672, 8704, 8736, 8768, 8800, 8832, 8864, 8896, 8928, 8960, 8992, 9024, 9056, 9088, 9120, 9152, 9184, 9216, 9248, 9280, 9312, 9344, 9376, 9408, 9440, 9472, 9504, 9536, 9568, 9600, 9632, 9664, 9696, 9728, 9760, 9792, 9824, 9856, 9888, 9920], "values": [0.6977589130401611, 0.6475450992584229, 0.5828627943992615, 0.5152722597122192, 0.4442436993122101, 0.3692496418952942, 0.3007868528366089, 0.23633891344070435, 0.18519170582294464, 0.15008936822414398, 0.14106354117393494, 0.11955554783344269, 0.10937653481960297, 0.09963005781173706, 0.10118427872657776, 0.10394489020109177, 0.10403311252593994, 0.10545355826616287, 0.10477209836244583, 0.11082541942596436, 0.10464449971914291, 0.09850312769412994, 0.093837209045887, 0.1265919804573059, 0.10365051031112671, 0.10098283737897873, 0.10799387097358704, 0.10200599581003189, 0.10239626467227936, 0.09329938888549805, 0.08999225497245789, 0.09287679195404053, 0.0942145511507988, 0.09652365744113922, 0.09303169697523117, 0.08879365772008896, 0.09443648904561996, 0.09167154878377914, 0.09109269827604294, 0.08702019602060318, 0.09161601215600967, 0.08597318828105927, 0.09093697369098663, 0.08333993703126907, 0.0897291898727417, 0.0871828943490982, 0.08215553313493729, 0.08373390138149261, 0.079862579703331, 0.08422870188951492, 0.0897965058684349, 0.0824141874909401, 0.08050207048654556, 0.08520946651697159, 0.07409925013780594, 0.07950586825609207, 0.08196971565485, 0.0750468298792839, 0.0812869593501091, 0.07769852131605148, 0.07202176004648209, 0.07961276918649673, 0.06828389316797256, 0.07183152437210083, 0.06825292110443115, 0.0665869489312172, 0.06682901084423065, 0.058363549411296844, 0.06570059806108475, 0.07436280697584152, 0.060261163860559464, 0.06770384311676025, 0.06102363392710686, 0.062215499579906464, 0.06065388396382332, 0.06491517275571823, 0.06006516143679619, 0.06844750791788101, 0.05553775280714035, 0.060070063918828964, 0.05269372835755348, 0.05322980880737305, 0.05430661886930466, 0.0479082390666008, 0.0483115091919899, 0.05840029567480087, 0.045253656804561615, 0.04683656617999077, 0.04608890414237976, 0.04564058035612106, 0.0492141991853714, 0.04988986998796463, 0.04018249362707138, 0.03873272240161896, 0.04729801043868065, 0.04704141616821289, 0.03392808511853218, 0.04457323998212814, 0.04223324730992317, 0.03265761211514473, 0.039610203355550766, 0.03837903216481209, 0.038557156920433044, 0.03436383605003357, 0.03296128287911415, 0.03772681578993797, 0.032461028546094894, 0.035620879381895065, 0.022590449079871178, 0.02783162146806717, 0.02144823968410492, 0.027466339990496635, 0.03117162175476551, 0.022585410624742508, 0.02903756871819496, 0.026442941278219223, 0.027084466069936752, 0.028480304405093193, 0.028367748484015465, 0.027350561693310738, 0.024388672783970833, 0.028280258178710938, 0.030088404193520546, 0.02063673362135887, 0.029421810060739517, 0.020948557183146477, 0.01982315443456173, 0.019220983609557152, 0.022393425926566124, 0.017535094171762466, 0.020281851291656494, 0.01722056418657303, 0.023330802097916603, 0.013179149478673935, 0.016907133162021637, 0.017860088497400284, 0.014246839098632336, 0.015983089804649353, 0.02069760300219059, 0.020197199657559395, 0.015850674360990524, 0.015313896350562572, 0.021033328026533127, 0.012087410315871239, 0.019122358411550522, 0.015018886886537075, 0.022594498470425606, 0.014601917006075382, 0.017228884622454643, 0.014068957418203354, 0.013944623060524464, 0.01438876148313284, 0.014461027458310127, 0.016812777146697044, 0.014908376149833202, 0.01619618944823742, 0.019257837906479836, 0.01839257963001728, 0.01077457144856453, 0.010284006595611572, 0.013293799944221973, 0.00999611895531416, 0.012727806344628334, 0.00905511062592268, 0.00956331193447113, 0.008752375841140747, 0.01298864558339119, 0.013797353021800518, 0.008675700053572655, 0.0169241800904274, 0.012601900845766068, 0.01600692793726921, 0.007450415752828121, 0.011331922374665737, 0.01113391388207674, 0.014279468916356564, 0.012848012149333954, 0.014590795151889324, 0.011762794107198715, 0.011191241443157196, 0.009618140757083893, 0.012839228846132755, 0.010126760229468346, 0.01784192956984043, 0.016722945496439934, 0.014972972683608532, 0.011675655841827393, 0.00806206464767456, 0.011847034096717834, 0.011559617705643177, 0.011732258833944798, 0.008518057875335217, 0.007425963878631592, 0.016128838062286377, 0.012765753082931042, 0.010498576797544956, 0.00755348289385438, 0.010654761455953121, 0.011215364560484886, 0.005733773577958345, 0.006283740978688002, 0.0066744862124323845, 0.014449197798967361, 0.010082296095788479, 0.005835729651153088, 0.00596347451210022, 0.008052566088736057, 0.006146292667835951, 0.011223791167140007, 0.010672400705516338, 0.005508873146027327, 0.005153217352926731, 0.009934118948876858, 0.012710249051451683, 0.00735925417393446, 0.007337312679737806, 0.008665245957672596, 0.006416932214051485, 0.004622356034815311, 0.005466578062623739, 0.0069109415635466576, 0.015641240403056145, 0.009595929645001888, 0.005738941952586174, 0.007196088787168264, 0.006479108706116676, 0.00832322333008051, 0.008456803858280182, 0.008690130896866322, 0.010188667103648186, 0.005951818078756332, 0.0059083085507154465, 0.008770852349698544, 0.006239000242203474, 0.009232224896550179, 0.010226006619632244, 0.0075591388158500195, 0.007931387983262539, 0.007581486366689205, 0.011307623237371445, 0.014326593838632107, 0.006733660586178303, 0.0066546229645609856, 0.006307000759989023, 0.009930203668773174, 0.007368090562522411, 0.004657666198909283, 0.009028702042996883, 0.0060815936885774136, 0.0061471532098948956, 0.008175515569746494, 0.009265502914786339, 0.005097594112157822, 0.00992630422115326, 0.0076000140979886055, 0.011315392330288887, 0.007431442383676767, 0.007017404772341251, 0.009374303743243217, 0.005061184521764517, 0.008065260946750641, 0.00915497075766325, 0.006673572584986687, 0.006524328608065844, 0.005826572421938181, 0.004844993818551302, 0.0087228212505579, 0.008444378152489662, 0.007995367050170898, 0.00559235317632556, 0.008950716815888882, 0.0036102968733757734, 0.01031220331788063, 0.008689656853675842, 0.011079688556492329, 0.0069435350596904755, 0.007032450288534164, 0.00906283501535654, 0.005089655984193087, 0.008890867233276367, 0.006461663171648979, 0.01265152171254158, 0.0042055826634168625, 0.004725589882582426, 0.009166215546429157, 