{"train": {"loss": {"steps": [32, 64, 96, 128, 160, 192, 224, 256, 288, 320, 352, 384, 416, 448, 480, 512, 544, 576, 608, 640, 672, 704, 736, 768, 800, 832, 864, 896, 928, 960, 992, 1024, 1056, 1088, 1120, 1152, 1216, 1248, 1280, 1312, 1344, 1376, 1408, 1440, 1472, 1504, 1536, 1568, 1600, 1632, 1664, 1696, 1728, 1760, 1792, 1824, 1856, 1888, 1920, 1952, 1984, 2016, 2048, 2080, 2112, 2144, 2176, 2208, 2240, 2272, 2304, 2336, 2368, 2400, 2432, 2464, 2496, 2528, 2560, 2592, 2624, 2688, 2720, 2752, 2784, 2816, 2848, 2880, 2912, 2944, 2976, 3008, 3040, 3072, 3104, 3136, 3168, 3200, 3232, 3264, 3296, 3328, 3360, 3392, 3424, 3456, 3488, 3520, 3552, 3584, 3616, 3648, 3680, 3712, 3744, 3776, 3808, 3840, 3872, 3904, 3936, 3968, 4000, 4032, 4064, 4096, 4128, 4160, 4192, 4224, 4256, 4288, 4320, 4352, 4384, 4416, 4448, 4480, 4512, 4544, 4576, 4608, 4640, 4672, 4704, 4736, 4768, 4800, 4832, 4864, 4896, 4928, 4960, 4992, 5024, 5056, 5120, 5152, 5184, 5216, 5248, 5280, 5312, 5344, 5376, 5408, 5440, 5472, 5504, 5536, 5568, 5600, 5632, 5664, 5696, 5728, 5760, 5792, 5824, 5856, 5888, 5920, 5952, 5984, 6016, 6048, 6080, 6112, 6144, 6176, 6208, 6240, 6272, 6304, 6336, 6368, 6400, 6432, 6464, 6496, 6528, 6560, 6592, 6624, 6656, 6688, 6720, 6752, 6784, 6816, 6848, 6880, 6912, 6944, 6976, 7008, 7040, 7072, 7104, 7136, 7168, 7200, 7232, 7296, 7328, 7360, 7392, 7424, 7456, 7488, 7520, 7552, 7584, 7616, 7648, 7680, 7712, 7744, 7776, 7808, 7840, 7872, 7904, 7936, 7968, 8000, 8032, 8064, 8096, 8128, 8160, 8192, 8224, 8256, 8288, 8320, 8352, 8384, 8416, 8448, 8480, 8512, 8544, 8576, 8608, 8640, 8672, 8704, 8736, 8768, 8800, 8864, 8896, 8928, 8960, 8992, 9024, 9056, 9088, 9120, 9152, 9184, 9216, 9248, 9280, 9312, 9344, 9376, 9408, 9440, 9472, 9504, 9536, 9568, 9600, 9632, 9664, 9696, 9728, 9760, 9792, 9824, 9856, 9888, 9920], "values": [0.6964169144630432, 0.6352345943450928, 0.5724017024040222, 0.5218563675880432, 0.44583648443222046, 0.39222151041030884, 0.3398899734020233, 0.2895045280456543, 0.25911131501197815, 0.23636798560619354, 0.2009229212999344, 0.18759971857070923, 0.18211200833320618, 0.18161340057849884, 0.18366952240467072, 0.17723232507705688, 0.17905345559120178, 0.18060554563999176, 0.17881953716278076, 0.18283803761005402, 0.18105468153953552, 0.17453843355178833, 0.18077979981899261, 0.17205409705638885, 0.17044642567634583, 0.16780070960521698, 0.1649014949798584, 0.16521722078323364, 0.16575731337070465, 0.16429440677165985, 0.16541141271591187, 0.15938696265220642, 0.16139262914657593, 0.16623592376708984, 0.16044829785823822, 0.1608763486146927, 0.16173261404037476, 0.1605302393436432, 0.16089431941509247, 0.16044959425926208, 0.15701767802238464, 0.15839903056621552, 0.1579226404428482, 0.15659171342849731, 0.15733222663402557, 0.15334384143352509, 0.1531788408756256, 0.15443263947963715, 0.14938108623027802, 0.14833861589431763, 0.1468948870897293, 0.14482276141643524, 0.1457260549068451, 0.14708004891872406, 0.1480742245912552, 0.14576062560081482, 0.1447276622056961, 0.1374528706073761, 0.14382344484329224, 0.13940691947937012, 0.1398976594209671, 0.12371749430894852, 0.12881389260292053, 0.13120484352111816, 0.1239042803645134, 0.1307346671819687, 0.11877584457397461, 0.11868051439523697, 0.11540941894054413, 0.11388929188251495, 0.12125087529420853, 0.11588672548532486, 0.11179584264755249, 0.11679164320230484, 0.10637348145246506, 0.11082891374826431, 0.10836632549762726, 0.10440462082624435, 0.1042950451374054, 0.10320456326007843, 0.09479135274887085, 0.09162919968366623, 0.09921615570783615, 0.09415210783481598, 0.09186331182718277, 0.08035966753959656, 0.09776609390974045, 0.08803433924913406, 0.09044746309518814, 0.08369775861501694, 0.07169629633426666, 0.07718931883573532, 0.08173535764217377, 0.07142830640077591, 0.06548655033111572, 0.06770627945661545, 0.06833156198263168, 0.07127209007740021, 0.06419634819030762, 0.05034333094954491, 0.061730679124593735, 0.059201259166002274, 0.0656324252486229, 0.06260064989328384, 0.06837565451860428, 0.05377684533596039, 0.05013255774974823, 0.06337673962116241, 0.04569088667631149, 0.05276121944189072, 0.04831249639391899, 0.04516473785042763, 0.051364582031965256, 0.04369451478123665, 0.053416602313518524, 0.040365125983953476, 0.04499091953039169, 0.03783228248357773, 0.04662925750017166, 0.04615383967757225, 0.03637441247701645, 0.03058553673326969, 0.02947922796010971, 0.033121708780527115, 0.035236191004514694, 0.031853970140218735, 0.02986261248588562, 0.023047346621751785, 0.03493668884038925, 0.026650570333003998, 0.03354639932513237, 0.03289097547531128, 0.032084498554468155, 0.026874713599681854, 0.02347317710518837, 0.036504507064819336, 0.02751111425459385, 0.03208975866436958, 0.021411670371890068, 0.034104473888874054, 0.02011154592037201, 0.019044918939471245, 0.026045765727758408, 0.03043491765856743, 0.02472328208386898, 0.018319260329008102, 0.030662482604384422, 0.02840796485543251, 0.020302630960941315, 0.01937297359108925, 0.01737050898373127, 0.01969212293624878, 0.018275974318385124, 0.02303718589246273, 0.015116569586098194, 0.02128618210554123, 0.035353027284145355, 0.02513076737523079, 0.016068993136286736, 0.044596586376428604, 0.01682327687740326, 0.018478067591786385, 0.011494970880448818, 0.015767687931656837, 0.01569455862045288, 0.025451593101024628, 0.014081074856221676, 0.025752641260623932, 0.018853958696126938, 0.014102245680987835, 0.029919765889644623, 0.011881691403687, 0.027521025389432907, 0.01968722976744175, 0.03243935853242874, 0.014558698982000351, 0.015089990571141243, 0.022290149703621864, 0.018215462565422058, 0.0115826316177845, 0.019157107919454575, 0.011250860057771206, 0.0248770359903574, 0.014631890691816807, 0.006700181867927313, 0.0065576317720115185, 0.00921034999191761, 0.014953549019992352, 0.013270561583340168, 0.01181687694042921, 0.009343503043055534, 0.0127795385196805, 0.007076437119394541, 0.007729789242148399, 0.013995823450386524, 0.011014939285814762, 0.01714419759809971, 0.013043097220361233, 0.021066244691610336, 0.005575633142143488, 0.012257094494998455, 0.011411084793508053, 0.00612191017717123, 0.0103980777785182, 0.010654044337570667, 0.01581668108701706, 0.011603031307458878, 0.012625116854906082, 0.019471613690257072, 0.009032756090164185, 0.00762852281332016, 0.010376895777881145, 0.010403136722743511, 0.01573009602725506, 0.013584360480308533, 0.009631878696382046, 0.008822517469525337, 0.005123713053762913, 0.008038392290472984, 0.007841294631361961, 0.007891559042036533, 0.011624380946159363, 0.01073168870061636, 0.010495083406567574, 0.008916803635656834, 0.011689445935189724, 0.011070523411035538, 0.011608513072133064, 0.0075869751162827015, 0.012036902830004692, 0.006734416354447603, 0.004395463969558477, 0.017212044447660446, 0.012546984478831291, 0.010375730693340302, 0.006620252504944801, 0.011605250649154186, 0.005025830585509539, 0.0072045521810650826, 0.017125358805060387, 0.017353210598230362, 0.006745913531631231, 0.005327429622411728, 0.009320423938333988, 0.006061584688723087, 0.011106675490736961, 0.008057036437094212, 0.004900876432657242, 0.004974169656634331, 0.008529038168489933, 0.01492181234061718, 0.007118126377463341, 0.005558591801673174, 0.006604642141610384, 0.006966287270188332, 0.006595861632376909, 0.0073153236880898476, 0.007573836483061314, 0.0056044552475214005, 0.01001148484647274, 0.003801800776273012, 0.010468056425452232, 0.006000960245728493, 0.009676788933575153, 0.016423089429736137, 0.012988746166229248, 0.010407408699393272, 0.004767217207700014, 0.008676150813698769, 0.007513137999922037, 0.008400392718613148, 0.011981076560914516, 0.003996891435235739, 0.007307597901672125, 0.004950196482241154, 0.007568913046270609, 0.006330688484013081, 0.013477658852934837, 0.011794042773544788, 0.007620144169777632, 0.007477909326553345, 0.008921483531594276, 0.007349163293838501, 0.006048085168004036, 0.006751850713044405, 0.006753430236130953, 0.012959768064320087, 0.005080612376332283, 