{"train": {"loss": {"steps": [32, 64, 96, 128, 160, 192, 224, 256, 288, 320, 352, 384, 416, 448, 480, 512, 544, 576, 608, 640, 672, 704, 736, 768, 800, 832, 864, 896, 928, 960, 992, 1024, 1056, 1088, 1120, 1152, 1184, 1216, 1248, 1280, 1312, 1344, 1376, 1408, 1440, 1472, 1504, 1536, 1568, 1600, 1632, 1664, 1696, 1728, 1760, 1792, 1824, 1856, 1888, 1920, 1952, 1984, 2016, 2048, 2080, 2112, 2144, 2176, 2208, 2240, 2272, 2304, 2336, 2368, 2400, 2432, 2464, 2496, 2528, 2560, 2592, 2624, 2656, 2688, 2720, 2752, 2784, 2816, 2848, 2880, 2912, 2944, 2976, 3008, 3040, 3072, 3104, 3136, 3168, 3200, 3232, 3264, 3296, 3328, 3360, 3392, 3424, 3456, 3488, 3520, 3552, 3584, 3616, 3648, 3680, 3712, 3744, 3776, 3808, 3840, 3872, 3904, 3936, 3968, 4000, 4032, 4064, 4096, 4128, 4160, 4192, 4224, 4256, 4288, 4320, 4352, 4384, 4416, 4448, 4480, 4512, 4544, 4576, 4608, 4640, 4672, 4704, 4736, 4768, 4800, 4832, 4864, 4896, 4928, 4960, 4992, 5024, 5056, 5088, 5120, 5152, 5184, 5216, 5248, 5280, 5312, 5344, 5376, 5408, 5440, 5472, 5504, 5536, 5568, 5600, 5632, 5664, 5696, 5728, 5760, 5792, 5824, 5856, 5888, 5920, 5952, 5984, 6016, 6048, 6080, 6112, 6144, 6176, 6208, 6240, 6272, 6304, 6336, 6368, 6400, 6432, 6464, 6496, 6528, 6560, 6592, 6624, 6656, 6688, 6720, 6752, 6784, 6816, 6848, 6880, 6912, 6944, 6976, 7008, 7040, 7072, 7104, 7136, 7168, 7200, 7232, 7264, 7296, 7328, 7360, 7392, 7424, 7456, 7488, 7520, 7552, 7584, 7616, 7648, 7680, 7712, 7744, 7776, 7808, 7840, 7872, 7904, 7936, 7968, 8000], "values": [29.215246200561523, 29.018688201904297, 29.88422393798828, 32.20851135253906, 31.445541381835938, 29.157760620117188, 31.364974975585938, 29.568634033203125, 28.619232177734375, 30.353118896484375, 28.0372314453125, 28.25567626953125, 29.73492431640625, 27.81414794921875, 26.6456298828125, 24.66943359375, 25.892578125, 23.3953857421875, 23.54931640625, 20.6776123046875, 21.1700439453125, 19.92236328125, 14.057373046875, 17.225830078125, 15.14892578125, 15.929931640625, 13.2138671875, 10.994873046875, 9.450927734375, 10.05517578125, 8.998046875, 7.0888671875, 4.66943359375, 4.81689453125, 5.78564453125, 5.04052734375, 4.8857421875, 4.12451171875, 5.9677734375, 5.28515625, 4.578125, 4.603515625, 6.2275390625, 5.3310546875, 4.81884765625, 3.9375, 3.668212890625, 4.162353515625, 3.8798828125, 3.94775390625, 3.12451171875, 3.4599609375, 2.95849609375, 3.1572265625, 3.0302734375, 3.30126953125, 4.240234375, 4.18359375, 2.9482421875, 2.658203125, 2.43701171875, 4.453369140625, 2.21923828125, 3.059326171875, 3.752685546875, 3.57666015625, 2.5341796875, 2.3046875, 2.7265625, 2.97802734375, 2.9951171875, 2.54248046875, 2.767578125, 2.7900390625, 2.45166015625, 2.85205078125, 3.20263671875, 3.17626953125, 2.7158203125, 2.091796875, 3.1845703125, 3.318359375, 2.86572265625, 3.07275390625, 3.3173828125, 2.923828125, 3.412109375, 3.7587890625, 2.315673828125, 2.46240234375, 2.72119140625, 3.60546875, 3.013427734375, 2.77734375, 3.6669921875, 2.814453125, 3.26025390625, 2.92431640625, 2.63232421875, 2.27001953125, 2.3798828125, 2.2890625, 2.19921875, 2.179443359375, 2.015625, 2.9873046875, 2.0068359375, 2.25341796875, 1.8701171875, 1.59716796875, 2.89013671875, 2.07373046875, 2.225830078125, 2.06689453125, 1.9072265625, 1.990234375, 2.00439453125, 2.36376953125, 2.30078125, 2.151123046875, 1.71240234375, 2.16259765625, 2.06298828125, 2.624755859375, 2.48388671875, 1.860595703125, 1.658203125, 1.34765625, 1.982421875, 1.927734375, 2.4111328125, 1.668212890625, 2.12890625, 2.0771484375, 2.1572265625, 2.07763671875, 2.46484375, 1.876953125, 1.791015625, 1.71435546875, 3.05859375, 4.30126953125, 2.674072265625, 1.3681640625, 2.00244140625, 2.177734375, 1.935791015625, 1.56298828125, 1.8720703125, 1.94970703125, 1.7373046875, 1.85888671875, 2.458984375, 2.19189453125, 1.5234375, 1.59130859375, 1.93310546875, 1.7646484375, 1.84130859375, 1.5986328125, 1.7421875, 2.0087890625, 1.40185546875, 2.123046875, 1.94873046875, 1.61669921875, 2.3359375, 1.70654296875, 2.04736328125, 1.732421875, 1.43798828125, 1.82763671875, 2.56005859375, 1.5439453125, 1.83837890625, 1.76904296875, 1.707275390625, 2.15234375, 1.17041015625, 3.056640625, 1.13623046875, 1.8564453125, 3.1064453125, 1.74169921875, 2.13671875, 1.69189453125, 1.59619140625, 1.57080078125, 2.94287109375, 2.21923828125, 1.71728515625, 1.86474609375, 1.770263671875, 1.541015625, 1.400390625, 1.3681640625, 1.58984375, 1.4697265625, 1.9208984375, 1.80615234375, 1.5771484375, 1.80517578125, 1.61474609375, 1.10693359375, 1.6181640625, 1.03466796875, 1.2373046875, 1.38232421875, 1.44140625, 2.01220703125, 3.25, 2.3603515625, 1.53515625, 2.099609375, 1.3037109375, 1.375, 1.24462890625, 1.66259765625, 1.4462890625, 1.68212890625, 1.234375, 1.3466796875, 2.22021484375, 1.1240234375, 1.92333984375, 1.9697265625, 1.63623046875, 1.38916015625, 1.41015625, 1.2265625, 1.15625, 1.570556640625, 1.13671875, 1.87109375, 1.469482421875, 1.1484375, 2.119140625, 1.72900390625, 1.1953125, 3.0400390625, 1.33349609375, 1.49755859375, 1.727783203125, 2.869140625, 2.7490234375, 2.51513671875, 1.9912109375, 1.74267578125, 1.12939453125, 1.283203125]}}, "meta": {"lr": {"steps": [32, 64, 96, 128, 160, 192, 224, 256, 288, 320, 352, 384, 416, 448, 480, 512, 544, 576, 608, 640, 672, 704, 736, 768, 800, 832, 864, 896, 928, 960, 992, 1024, 1056, 1088, 1120, 1152, 1184, 1216, 1248, 1280, 1312, 1344, 1376, 1408, 1440, 1472, 1504, 1536, 1568, 1600, 1632, 1664, 1696, 1728, 1760, 1792, 1824, 1856, 1888, 1920, 1952, 1984, 2016, 2048, 2080, 2112, 2144, 2176, 2208, 2240, 2272, 2304, 2336, 2368, 2400, 2432, 2464, 2496, 2528, 2560, 2592, 2624, 2656, 2688, 2720, 2752, 2784, 2816, 2848, 2880, 2912, 2944, 2976, 3008, 3040, 3072, 3104, 3136, 3168, 3200, 3232, 3264, 3296, 3328, 3360, 3392, 3424, 3456, 3488, 3520, 3552, 3584, 3616, 3648, 3680, 3712, 3744, 3776, 3808, 3840, 3872, 3904, 3936, 3968, 4000, 4032, 4064, 4096, 4128, 4160, 4192, 4224, 4256, 4288, 4320, 4352, 4384, 4416, 4448, 4480, 4512, 4544, 4576, 4608, 4640, 4672, 4704, 4736, 4768, 4800, 4832, 4864, 4896, 4928, 4960, 4992, 5024, 5056, 5088, 5120, 5152, 5184, 5216, 5248, 5280, 5312, 5344, 5376, 5408, 5440, 5472, 5504, 5536, 5568, 5600, 5632, 5664, 5696, 5728, 5760, 5792, 5824, 5856, 5888, 5920, 5952, 5984, 6016, 6048, 6080, 6112, 6144, 6176, 6208, 6240, 6272, 6304, 6336, 6368, 6400, 6432, 6464, 6496, 6528, 6560, 6592, 6624, 6656, 6688, 6720, 6752, 6784, 6816, 6848, 6880, 6912, 6944, 6976, 7008, 7040, 7072, 7104, 7136, 7168, 7200, 7232, 7264, 7296, 7328, 7360, 7392, 7424, 7456, 7488, 7520, 7552, 7584, 7616, 7648, 7680, 7712, 7744, 7776, 7808, 7840, 7872, 7904, 7936, 7968, 8000],