{"train": {"loss": {"steps": [32, 64, 96, 128, 160, 192, 224, 256, 288, 320, 352, 384, 416, 448, 480, 512, 544, 576, 608, 640, 672, 704, 736, 768, 800, 832, 864, 896, 928, 960, 992, 1024, 1056, 1088, 1120, 1152, 1184, 1216, 1248, 1280], "values": [0.6754218935966492, 0.6400908827781677, 0.6144230365753174, 0.5023205280303955, 0.5346435904502869, 0.4101560711860657, 0.40626949071884155, 0.33746659755706787, 0.2871130704879761, 0.4305502772331238, 0.2832810580730438, 0.20961201190948486, 0.3407844305038452, 0.25163882970809937, 0.25128018856048584, 0.29088467359542847, 0.1777181625366211, 0.19078809022903442, 0.28119176626205444, 0.19227972626686096, 0.14707377552986145, 0.2601299285888672, 0.1848909854888916, 0.21640732884407043, 0.1101873442530632, 0.16982418298721313, 0.15700387954711914, 0.25063157081604004, 0.13884678483009338, 0.21454700827598572, 0.1504855453968048, 0.20166119933128357, 0.22572098672389984, 0.11242717504501343, 0.17931115627288818, 0.11851631850004196, 0.11689253151416779, 0.1441347748041153, 0.19794191420078278, 0.13160628080368042]}}, "meta": {"lr": {"steps": [32, 64, 96, 128, 160, 192, 224, 256, 288, 320, 352, 384, 416, 448, 480, 512, 544, 576, 608, 640, 672, 704, 736, 768, 800, 832, 864, 896, 928, 960, 992, 1024, 1056, 1088, 1120, 1152, 1184, 1216, 1248, 1280], "values": [0.000998458666866564, 0.0009938441702975688, 0.0009861849601988384, 0.0009755282581475768, 0.0009619397662556434, 0.0009455032620941839, 0.0009263200821770461, 0.0009045084971874737, 0.0008802029828000156, 0.0008535533905932737, 0.0008247240241650918, 0.0007938926261462366, 0.0007612492823579744, 0.0007269952498697733, 0.000691341716182545, 0.0006545084971874737, 0.0006167226819279528, 0.0005782172325201155, 0.0005392295478639225, 0.0005, 0.0004607704521360776, 0.0004217827674798845, 0.00038327731807204744, 0.00034549150281252633, 0.0003086582838174551, 0.00027300475013022663, 0.00023875071764202561, 0.00020610737385376348, 0.00017527597583490823, 0.00014644660940672628, 0.00011979701719998454, 9.549150281252633e-05, 7.367991782295391e-05, 5.449673790581611e-05, 3.806023374435663e-05, 2.4471741852423235e-05, 1.3815039801161721e-05, 6.15582970243117e-06, 1.541333133436018e-06, 0.0]}}, "validation": {"loss": {"steps": [256, 512, 768, 1024, 1280], "values": [0.5546402931213379, 0.3429863154888153, 0.28512218594551086, 0.27334851026535034, 0.27322688698768616]}, "ROC_AUC": {"steps": [256, 512, 768, 1024, 1280], "values": [0.89, 0.9745454545454545, 0.9927272727272727, 0.9927272727272728, 0.9827272727272727]}}}