{"train": {"loss": {"steps": [32, 64, 96, 128, 160, 192, 224, 256, 288, 320, 352, 384, 416, 448, 480, 512, 544, 576, 608, 640, 672, 704, 736, 768, 800, 832, 864, 896, 928, 960, 992, 1024, 1056, 1088, 1120, 1152, 1184, 1216, 1248, 1280, 1312, 1344, 1376, 1408, 1440, 1472, 1504, 1536, 1568, 1600, 1632, 1664, 1696, 1728, 1760, 1792, 1824, 1856, 1888, 1920, 1952, 1984, 2016, 2048, 2080, 2112, 2144, 2176, 2208, 2240, 2272, 2304, 2336, 2368, 2400, 2432, 2464, 2496, 2528, 2560, 2592, 2624, 2656, 2688, 2720, 2752, 2784, 2816, 2848, 2880, 2912, 2944, 2976, 3008, 3040, 3072, 3104, 3136, 3168, 3200], "values": [0.6923103332519531, 0.6588060855865479, 0.6559230089187622, 0.6176242828369141, 0.5571913719177246, 0.5316685438156128, 0.4568682312965393, 0.4238717555999756, 0.4136528968811035, 0.39899682998657227, 0.37285885214805603, 0.3623221814632416, 0.38742658495903015, 0.4603753089904785, 0.38831815123558044, 0.32819196581840515, 0.37788861989974976, 0.3759932518005371, 0.3453782796859741, 0.37297138571739197, 0.33037853240966797, 0.36591336131095886, 0.33080899715423584, 0.4233349561691284, 0.40204447507858276, 0.31423062086105347, 0.34506744146347046, 0.35003671050071716, 0.34518247842788696, 0.30978184938430786, 0.4366477429866791, 0.4050939977169037, 0.344958633184433, 0.36775296926498413, 0.3884490430355072, 0.3390689790248871, 0.3433067798614502, 0.33489990234375, 0.3818766474723816, 0.32942068576812744, 0.35857051610946655, 0.3842095136642456, 0.4060971736907959, 0.4027378559112549, 0.30695641040802, 0.3414122760295868, 0.3354482352733612, 0.3419186472892761, 0.3456198573112488, 0.3171744644641876, 0.32850202918052673, 0.3666413426399231, 0.3249545097351074, 0.3097628951072693, 0.3186791241168976, 0.33357691764831543, 0.3238917589187622, 0.35451313853263855, 0.3716551959514618, 0.4026068150997162, 0.3411160707473755, 0.35095590353012085, 0.36402246356010437, 0.3880630135536194, 0.2849385738372803, 0.3198973834514618, 0.3015594482421875, 0.3574303090572357, 0.3363047242164612, 0.3055461347103119, 0.3325127959251404, 0.35164695978164673, 0.2813880741596222, 0.3243427574634552, 0.34446296095848083, 0.3471311926841736, 0.33960288763046265, 0.3243013620376587, 0.3229833245277405, 0.29763707518577576, 0.28775089979171753, 0.2849362790584564, 0.34443342685699463, 0.3277469277381897, 0.30537378787994385, 0.3149336874485016, 0.29825472831726074, 0.36446356773376465, 0.3253687620162964, 0.30845940113067627, 0.3587372899055481, 0.31930676102638245, 0.3312075734138489, 0.3022993505001068, 0.2838359773159027, 0.3152591586112976, 0.32200172543525696, 0.3187820315361023, 0.3601474165916443, 0.3041205406188965]}}, "meta": {"lr": {"steps": [32, 64, 96, 128, 160, 192, 224, 256, 288, 320, 352, 384, 416, 448, 480, 512, 544, 576, 608, 640, 672, 704, 736, 768, 800, 832, 864, 896, 928, 960, 992, 1024, 1056, 1088, 1120, 1152, 1184, 1216, 1248, 1280, 1312, 1344, 1376, 1408, 1440, 1472, 1504, 1536, 1568, 1600, 1632, 1664, 1696, 1728, 1760, 1792, 1824, 1856, 1888, 1920, 1952, 1984, 2016, 2048, 2080, 2112, 2144, 2176, 2208, 2240, 2272, 2304, 2336, 2368, 2400, 2432, 2464, 2496, 2528, 2560, 2592, 2624, 2656, 2688, 2720, 2752, 2784, 2816, 2848, 2880, 2912, 2944, 2976, 3008, 3040, 3072, 3104, 3136, 3168, 3200], "values": [0.0009997532801828658, 0.0009990133642141358, 0.00099778098230154, 0.000996057350657239, 0.0009938441702975688, 0.0009911436253643444, 0.0009879583809693738, 0.0009842915805643156, 0.0009801468428384716, 0.0009755282581475768, 0.0009704403844771128, 0.0009648882429441257, 0.0009588773128419905, 0.0009524135262330098, 0.0009455032620941839, 0.0009381533400219318, 0.0009303710135019718, 0.0009221639627510075, 0.0009135402871372809, 0.0009045084971874737, 0.0008950775061878452, 0.0008852566213878947, 0.0008750555348152298, 0.0008644843137107057, 0.0008535533905932737, 0.0008422735529643444, 0.0008306559326618259, 0.0008187119948743449, 0.0008064535268264883, 0.0007938926261462366, 0.0007810416889260653, 0.0007679133974894983, 0.0007545207078751857, 0.0007408768370508576, 0.0007269952498697733, 0.0007128896457825364, 0.0006985739453173903, 0.0006840622763423391, 0.0006693689601226458, 0.0006545084971874737, 0.0006394955530196147, 0.0006243449435824276, 0.0006090716206982714, 0.0005936906572928624, 0.0005782172325201155, 0.0005626666167821521, 0.0005470541566592572, 0.0005313952597646568, 0.0005157053795390641, 0.0005, 0.00048429462046093585, 0.0004686047402353433, 0.00045294584334074284, 0.00043733338321784784, 0.0004217827674798845, 0.0004063093427071376, 0.0003909283793017289, 0.0003756550564175727, 0.0003605044469803854, 0.00034549150281252633, 0.0003306310398773543, 0.00031593772365766105, 0.00030142605468260977, 0.00028711035421746366, 0.00027300475013022663, 0.0002591231629491423, 0.00024547929212481435, 0.00023208660251050156, 0.0002189583110739348, 0.00020610737385376348, 0.00019354647317351188, 0.00018128800512565513, 0.00016934406733817414, 0.00015772644703565563, 0.00014644660940672628, 0.00013551568628929433, 0.0001249444651847702, 0.00011474337861210544, 0.00010492249381215479, 9.549150281252633e-05, 8.645971286271903e-05, 7.783603724899258e-05, 6.962898649802824e-05, 6.184665997806832e-05, 5.449673790581611e-05, 4.758647376699032e-05, 4.112268715800943e-05, 3.5111757055874326e-05, 2.9559615522887274e-05, 2.4471741852423235e-05, 1.985315716152847e-05, 1.5708419435684463e-05, 1.2041619030626282e-05, 8.856374635655695e-06, 6.15582970243117e-06, 3.942649342761117e-06, 2.219017698460002e-06, 9.866357858642206e-07, 2.467198171342e-07, 0.0]}}, "validation": {"loss": {"steps": [640, 1280, 1920, 2560, 3200], "values": [0.42015358805656433, 0.40074801445007324, 0.40563344955444336, 0.3808782994747162, 0.3746325969696045]}, "ROC_AUC": {"steps": [640, 1280, 1920, 2560, 3200], "values": [0.4652386627025657, 0.6304971535905242, 0.5368113520835591, 0.6888641706467045, 0.6848998237544937]}}}