{"train": {"loss": {"steps": [16, 32, 48, 64, 80, 96, 112, 128, 144, 160, 192, 208, 224, 240, 256, 272, 288, 304, 320, 336, 352, 368, 384, 400, 416, 432, 448, 464, 480, 496, 512, 544, 560, 576, 592, 608, 624, 640, 656, 672, 688, 704, 720, 736, 752, 768, 784, 800, 816, 832, 864, 880, 896, 912, 928, 944, 960, 976, 992, 1008, 1024, 1040, 1056, 1072, 1088, 1120, 1136, 1152, 1168, 1184, 1200, 1216, 1232, 1248, 1264, 1280, 1296, 1312, 1328, 1344, 1360, 1376, 1392, 1408, 1424, 1440, 1456, 1472, 1488, 1504, 1520, 1536, 1552, 1568, 1584, 1600, 1616, 1632, 1648, 1664, 1680, 1712, 1728, 1744, 1760], "values": [1.6596044301986694, 1.3748977184295654, 1.2918856143951416, 1.2041187286376953, 1.1510887145996094, 1.0097286701202393, 0.9988164901733398, 0.9129093289375305, 0.8611763715744019, 0.825891375541687, 0.7831283807754517, 0.7488718032836914, 0.7101948261260986, 0.637340784072876, 0.6928716897964478, 0.616973876953125, 0.6191017627716064, 0.5641483068466187, 0.6599836349487305, 0.5479933023452759, 0.5388247966766357, 0.5428871512413025, 0.5468887090682983, 0.5163685083389282, 0.5034286975860596, 0.49569976329803467, 0.524287223815918, 0.47826677560806274, 0.44892698526382446, 0.46991413831710815, 0.4095860719680786, 0.4632628858089447, 0.47727149724960327, 0.5129796862602234, 0.46377235651016235, 0.46160006523132324, 0.461856484413147, 0.4515742063522339, 0.44762128591537476, 0.4514203667640686, 0.4610355496406555, 0.44066011905670166, 0.449506938457489, 0.4398488998413086, 0.4064452052116394, 0.447368323802948, 0.42495328187942505, 0.39501309394836426, 0.44359350204467773, 0.39091822504997253, 0.3733614683151245, 0.3878280520439148, 0.3887721598148346, 0.41488510370254517, 0.4187251329421997, 0.36708277463912964, 0.3798556923866272, 0.4157397150993347, 0.3800235986709595, 0.408738911151886, 0.38280075788497925, 0.4181022047996521, 0.4325658082962036, 0.403026819229126, 0.36344754695892334, 0.3529803156852722, 0.3963252305984497, 0.40514570474624634, 0.3726833164691925, 0.3967866897583008, 0.3742868900299072, 0.37282103300094604, 0.3895774185657501, 0.37907499074935913, 0.3818545937538147, 0.39438050985336304, 0.37452220916748047, 0.36058878898620605, 0.3783559203147888, 0.413465678691864, 0.3507632613182068, 0.3413964509963989, 0.34286290407180786, 0.37306275963783264, 0.35807573795318604, 0.37568938732147217, 0.33728456497192383, 0.3617267906665802, 0.3671876788139343, 0.3542088270187378, 0.3697739839553833, 0.33757033944129944, 0.3594745397567749, 0.3554062247276306, 0.35230326652526855, 0.39362722635269165, 0.33420148491859436, 0.3680361807346344, 0.36101657152175903, 0.34991106390953064, 0.3961115777492523, 0.3535943627357483, 0.3818643093109131, 0.37200379371643066, 0.33758705854415894]}}, "meta": {"lr": {"steps": [16, 32, 48, 64, 80, 96, 112, 128, 144, 160, 192, 208, 224, 240, 256, 272, 288, 304, 320, 336, 352, 368, 384, 400, 416, 432, 448, 464, 480, 496, 512, 544, 560, 576, 592, 608, 624, 640, 656, 672, 688, 704, 720, 736, 752, 768, 784, 800, 816, 832, 864, 880, 896, 912, 928, 944, 960, 976, 992, 1008, 1024, 1040, 1056, 1072, 1088, 1120, 1136, 1152, 1168, 1184, 1200, 1216, 1232, 1248, 1264, 1280, 1296, 1312, 1328, 1344, 1360, 1376, 1392, 1408, 1424, 1440, 1456, 1472, 1488, 1504, 1520, 1536, 1552, 1568, 1584, 1600, 1616, 1632, 1648, 1664, 1680, 1712, 1728, 1744, 1760], "values": [0.0009997960964140947, 0.0009991845519630679, 0.0009981658654313456, 0.0009967408676742752, 0.0009949107209404665, 0.0009926769179238466, 0.0009900412805461966, 0.0009870059584711668, 0.0009835734273509786, 0.0009797464868072487, 0.0009755282581475768, 0.0009709221818197624, 0.0009659320146057262, 0.0009605618265574251, 0.0009548159976772592, 0.0009486992143456792, 0.0009422164654989072, 0.0009353730385598887, 0.0009281745151257945, 0.0009206267664155906, 0.000912735948481387, 0.0009045084971874737, 0.0008959511229611376, 0.0008870708053195413, 0.0008778747871771292, 0.0008683705689382025, 0.0008585659023794818, 0.0008484687843276469, 0.0008380874501370098, 0.0008274303669726426, 0.0008165062269044352, 0.0008053239398177191, 0.0007938926261462366, 0.0007822216094333848, 0.0007703204087277988, 0.000758198730819481, 0.000745866462322802, 0.0007333336616128369, 0.0007206105506216106, 0.0007077075065009433, 0.0006946350531586958, 0.0006814038526753205, 0.000668024696607715, 0.0006545084971874737, 0.0006408662784207149, 0.0006271091670967436, 0.0006132483837128823, 0.0005992952333228728, 0.0005852610963163119, 0.0005711574191366427, 0.0005569957049452703, 0.0005427875042394199, 0.000528544405431384, 0.0005142780253968481, 0.0005, 0.0004857219746031519, 0.000471455594568616, 0.0004572124957605803, 0.0004430042950547297, 0.0004288425808633575, 0.0004147389036836881, 0.00040070476667712743, 0.00038675161628711776, 0.00037289083290325663, 0.0003591337215792851, 0.00034549150281252633, 0.00033197530339228485, 0.00031859614732467957, 0.0003053649468413043, 0.0002922924934990568, 0.0002793894493783892, 0.00026666633838716316, 0.00025413353767719804, 0.00024180126918051909, 0.0002296795912722014, 0.00021777839056661552, 0.00020610737385376348, 0.0001946760601822809, 0.00018349377309556487, 0.0001725696330273575, 0.00016191254986299043, 0.00015153121567235335, 0.0001414340976205183, 0.00013162943106179747, 0.00012212521282287093, 0.00011292919468045875, 0.0001040488770388625, 9.549150281252633e-05, 8.7264051518613e-05, 7.937323358440934e-05, 7.182548487420554e-05, 6.462696144011149e-05, 5.778353450109286e-05, 5.130078565432089e-05, 4.518400232274078e-05, 3.9438173442575e-05, 3.406798539427386e-05, 2.9077818180237692e-05, 2.4471741852423235e-05, 2.025351319275137e-05, 1.6426572649021475e-05, 1.2994041528833267e-05, 9.958719453803277e-06, 7.323082076153509e-06, 5.089279059533658e-06]}}, "validation": {"loss": {"steps": [352, 704, 1056, 1408, 1760], "values": [0.8389917016029358, 1.082450032234192, 0.7672359943389893, 0.5931487679481506, 0.5164480805397034]}, "mAP": {"steps": [352, 704, 1056, 1408, 1760], "values": [0.8911179183357898, 0.9183928109998325, 0.9557504508326194, 0.9493217892824624, 0.9563585129243495]}}}