{"train": {"loss": {"steps": [16, 32, 48, 64, 80, 96, 112, 128, 144, 160, 176, 192, 208, 224, 240, 256, 272, 288, 304, 320, 336, 352, 368, 384, 400, 416, 432, 448, 464, 480, 496, 512, 528, 544, 560, 576, 592, 608, 624, 640, 656, 672, 688, 704, 720, 736, 752, 768, 784, 800, 816, 832, 848, 864, 880, 896, 912, 928, 944, 960, 976, 992, 1008, 1024, 1040, 1056, 1072, 1088, 1104, 1120, 1136, 1152, 1168, 1184, 1200, 1216, 1232, 1248, 1264, 1280, 1296, 1312, 1328, 1344, 1360, 1376, 1392, 1408, 1424, 1440, 1456, 1472, 1488, 1504, 1520, 1536, 1552, 1568, 1584, 1600, 1616, 1632, 1648, 1664, 1680], "values": [1.6223514080047607, 1.6814236640930176, 1.5002720355987549, 1.499595284461975, 1.318932294845581, 1.4961283206939697, 1.2236275672912598, 1.1942553520202637, 1.2027993202209473, 1.1817059516906738, 1.16914701461792, 1.2747780084609985, 1.1236709356307983, 1.0726832151412964, 1.0110681056976318, 0.7682823538780212, 0.9828023910522461, 0.8078532218933105, 0.9662389159202576, 0.8258889317512512, 0.7861849069595337, 0.7866491675376892, 0.7614340782165527, 0.6916820406913757, 0.6485993266105652, 0.7497302889823914, 0.6486329436302185, 0.8259888887405396, 0.6232955455780029, 0.5855081677436829, 0.648250162601471, 0.6513011455535889, 0.6642167568206787, 0.4574747085571289, 0.7045259475708008, 0.5423592329025269, 0.5608618259429932, 0.5677708387374878, 0.519749641418457, 0.6706664562225342, 0.5604704022407532, 0.43404126167297363, 0.37991946935653687, 0.4506877064704895, 0.6196476817131042, 0.3862321078777313, 0.508324146270752, 0.5001401305198669, 0.46386194229125977, 0.44860029220581055, 0.3587079644203186, 0.3915174603462219, 0.5242925882339478, 0.5253899097442627, 0.48554569482803345, 0.586290717124939, 0.41479799151420593, 0.3932490646839142, 0.47028982639312744, 0.561501145362854, 0.47123101353645325, 0.4216090142726898, 0.4736407995223999, 0.3866676688194275, 0.32928240299224854, 0.44679197669029236, 0.3672923147678375, 0.4329465329647064, 0.3659994602203369, 0.331390380859375, 0.3232770264148712, 0.2929413616657257, 0.36866337060928345, 0.42061927914619446, 0.39421483874320984, 0.37662220001220703, 0.49495238065719604, 0.42570406198501587, 0.3946392834186554, 0.4795432686805725, 0.32216495275497437, 0.3116334080696106, 0.4051162600517273, 0.2962178885936737, 0.3002442419528961, 0.3974904716014862, 0.28818073868751526, 0.3750605583190918, 0.31840479373931885, 0.3797072768211365, 0.30940523743629456, 0.3406675159931183, 0.326640784740448, 0.3790437579154968, 0.3262287974357605, 0.3692134618759155, 0.31912654638290405, 0.30746960639953613, 0.25520262122154236, 0.37089666724205017, 0.4038604199886322, 0.5248492956161499, 0.4387902021408081, 0.24999915063381195, 0.38018378615379333]}}, "meta": {"lr": {"steps": [16, 32, 48, 64, 80, 96, 112, 128, 144, 160, 176, 192, 208, 224, 240, 256, 272, 288, 304, 320, 336, 352, 368, 384, 400, 416, 432, 448, 464, 480, 496, 512, 528, 544, 560, 576, 592, 608, 624, 640, 656, 672, 688, 704, 720, 736, 752, 768, 784, 800, 816, 832, 848, 864, 880, 896, 912, 928, 944, 960, 976, 992, 1008, 1024, 1040, 1056, 1072, 1088, 1104, 1120, 1136, 1152, 1168, 1184, 1200, 1216, 1232, 1248, 1264, 1280, 1296, 1312, 1328, 1344, 1360, 1376, 1392, 1408, 1424, 1440, 1456, 1472, 1488, 1504, 1520, 1536, 1552, 1568, 1584, 1600, 1616, 1632, 1648, 1664, 1680], "values": [0.0009997762161417516, 0.0009991050648838675, 0.0009979871469976197, 0.0009964234631709187, 0.0009944154131125641, 0.0009919647942993148, 0.0009890738003669028, 0.0009857450191464337, 0.0009819814303479266, 0.0009777864028930705, 0.0009731636918995821, 0.0009681174353198686, 0.0009626521502369983, 0.0009567727288213005, 0.0009504844339512095, 0.0009437928945022771, 0.0009367041003085648, 0.000929224396800933, 0.0009213604793270196, 0.0009131193871579975, 0.0009045084971874737, 0.0008955355173281707, 0.0008862084796122997, 0.0008765357330018055, 0.0008665259359149131, 0.0008561880484756724, 0.0008455313244934324, 0.0008345653031794292, 0.0008232998006078997, 0.0008117449009293668, 0.0007999109473439569, 0.0007878085328428368, 0.0007754484907260512, 0.0007628418849052523, 0.00075, 0.0007369343312364993, 0.0007236565741578163, 0.0007101786141547828, 0.0006965125158269618, 0.0006826705121831977, 0.0006686649936914151, 0.0006545084971874737, 0.0006402136946530014, 0.0006257933818722543, 0.0006112604669781572, 0.0005966279588977767, 0.0005819089557075689, 0.0005671166329088278, 0.0005522642316338268, 0.0005373650467932121, 0.0005224324151752575, 0.0005074797035076318, 0.0004925202964923683, 0.0004775675848247427, 0.0004626349532067879, 0.00044773576836617336, 0.0004328833670911724, 0.00041809104429243115, 0.0004033720411022235, 0.00038873953302184284, 0.00037420661812774574, 0.0003597863053469987, 0.00034549150281252633, 0.00033133500630858504, 0.0003173294878168025, 0.0003034874841730382, 0.0002898213858452173, 0.00027634342584218364, 0.0002630656687635007, 0.0002500000000000001, 0.0002371581150947476, 0.0002245515092739488, 0.0002121914671571633, 0.00020008905265604316, 0.00018825509907063325, 0.00017670019939210026, 0.00016543469682057105, 0.00015446867550656767, 0.00014381195152432768, 0.00013347406408508694, 0.00012346426699819457, 0.00011379152038770029, 0.00010446448267182951, 9.549150281252633e-05, 8.688061284200266e-05, 7.863952067298042e-05, 7.077560319906695e-05, 6.329589969143517e-05, 5.6207105497722956e-05, 4.9515566048790485e-05, 4.322727117869951e-05, 3.734784976300165e-05, 3.18825646801314e-05, 2.683630810041787e-05, 2.2213597106929607e-05, 1.801856965207338e-05, 1.4254980853566246e-05, 1.0926199633097156e-05, 8.035205700685167e-06, 5.5845868874357386e-06, 3.576536829081323e-06, 2.012853002380466e-06, 8.949351161324226e-07, 2.2378385824833868e-07, 0.0]}}, "validation": {"loss": {"steps": [336, 672, 1008, 1344, 1680], "values": [1.1902425289154053, 0.9162021279335022, 0.8070608973503113, 0.7152617573738098, 0.6642201542854309]}, "mAP": {"steps": [336, 672, 1008, 1344, 1680], "values": [0.35067854743338017, 0.6708646891003385, 0.7122110758232525, 0.7566727237379114, 0.7599309481375142]}}}