{"train": {"loss": {"steps": [32, 64, 96, 128, 160, 192, 224, 256, 288, 320, 352, 384, 416, 448, 480, 512, 544, 576, 608, 640, 672, 704, 736, 768, 800, 832, 864, 896, 928, 960, 992, 1024, 1056, 1088, 1120, 1152, 1184, 1216, 1248, 1280, 1312, 1344, 1376, 1408, 1440, 1472, 1504, 1536, 1568, 1600, 1632, 1664, 1696, 1728, 1760, 1792, 1824, 1856, 1888, 1920, 1952, 1984, 2016, 2048, 2080, 2112, 2144, 2176, 2208, 2240, 2272, 2304, 2336, 2368, 2400, 2432, 2464, 2496, 2528, 2560, 2592, 2624, 2656, 2688, 2720, 2752, 2784, 2816, 2848, 2880, 2912, 2944, 2976, 3008, 3040, 3072, 3104, 3136, 3168, 3200, 3232, 3264, 3296, 3328, 3360, 3392, 3424, 3456, 3488, 3520, 3552, 3584, 3616, 3648, 3680, 3712, 3744, 3776, 3808, 3840, 3872, 3904, 3936, 3968, 4000, 4032, 4064, 4096, 4128, 4160, 4192, 4224, 4256, 4288, 4320, 4352, 4384, 4416, 4448, 4480, 4512, 4544, 4576, 4608, 4640, 4672, 4704, 4736, 4768, 4800, 4832, 4864, 4896, 4928, 4960, 4992, 5024, 5056, 5088, 5120, 5152, 5184, 5216, 5248, 5280, 5312, 5344, 5376, 5408, 5440, 5472, 5504, 5536, 5568, 5600, 5632, 5664, 5696, 5728, 5760, 5792, 5824, 5856, 5888, 5920, 5952, 5984, 6016, 6048, 6080, 6112, 6144, 6176, 6208, 6240, 6272, 6304, 6336, 6368, 6400, 6432, 6464, 6496, 6528, 6560, 6592, 6624, 6656, 6688, 6720], "values": [1.9618802070617676, 1.936771035194397, 1.8527498245239258, 1.5532398223876953, 1.4806225299835205, 1.6370766162872314, 1.2642848491668701, 1.2294005155563354, 1.0046648979187012, 0.9864070415496826, 1.0610030889511108, 1.0017997026443481, 0.880797266960144, 0.8594738841056824, 0.8548851013183594, 0.8035756349563599, 0.8745303750038147, 0.583979606628418, 0.9805739521980286, 0.6644139289855957, 0.7397015690803528, 0.6631990075111389, 0.4878585636615753, 0.63361656665802, 0.8610671758651733, 0.9339109063148499, 0.4834911525249481, 0.7219719886779785, 0.6690596342086792, 0.7943474650382996, 0.7048838138580322, 0.6907610297203064, 0.31384527683258057, 0.6194690465927124, 0.5344792604446411, 0.6330118775367737, 0.46658438444137573, 0.6745127439498901, 0.2791209816932678, 0.42463022470474243, 0.480307012796402, 0.423511266708374, 0.25990819931030273, 0.2412589192390442, 0.4065937399864197, 0.2481147050857544, 0.46310150623321533, 0.597356915473938, 0.22769032418727875, 0.915451169013977, 0.6608494520187378, 0.39564716815948486, 0.5509793758392334, 0.6304548382759094, 0.3733137845993042, 0.5756142139434814, 0.2730430066585541, 0.769249439239502, 0.552211344242096, 0.3844972550868988, 0.3553560972213745, 0.36215096712112427, 0.4521043002605438, 0.2160634994506836, 0.2806765139102936, 0.3617789149284363, 0.7108235359191895, 0.1833137720823288, 0.3346117436885834, 0.1971680223941803, 0.26093268394470215, 0.4160861372947693, 0.19602690637111664, 0.33542317152023315, 0.6543247699737549, 0.2671498954296112, 0.43391701579093933, 0.35747143626213074, 0.3489128351211548, 0.14688579738140106, 0.4003625810146332, 0.3522738814353943, 0.21979063749313354, 0.3636215329170227, 0.2564646303653717, 0.40561041235923767, 0.18798473477363586, 0.18695291876792908, 0.3358187675476074, 0.22985196113586426, 0.32132458686828613, 0.2706093490123749, 0.21168307960033417, 0.20599111914634705, 0.15351426601409912, 0.16858091950416565, 0.13502338528633118, 0.20770475268363953, 0.1692320853471756, 0.2214709222316742, 0.21787378191947937, 0.5366724729537964, 0.14025452733039856, 0.3117482662200928, 0.25248977541923523, 0.1338731050491333, 0.5196778178215027, 0.1343095749616623, 0.04665669798851013, 0.11870051175355911, 0.08515088260173798, 0.3021317422389984, 0.1551581174135208, 0.24304872751235962, 0.10879915952682495, 0.2477078139781952, 0.06997077912092209, 0.2058938443660736, 0.12283255159854889, 0.2219703644514084, 0.17229005694389343, 0.1759161353111267, 0.26053327322006226, 0.16000397503376007, 0.13512340188026428, 0.33703190088272095, 0.19557945430278778, 0.1672292947769165, 0.10914706438779831, 0.062398068606853485, 0.12920735776424408, 0.08203587681055069, 0.060665979981422424, 0.23124732077121735, 0.16280439496040344, 0.23181211948394775, 0.17955410480499268, 0.12213289737701416, 0.1290355920791626, 0.1323176920413971, 0.1775033324956894, 0.07335270196199417, 0.1748971939086914, 0.10040663182735443, 0.08529704809188843, 0.05888918414711952, 0.0971209704875946, 0.18131400644779205, 0.16114963591098785, 0.13606594502925873, 0.08315637707710266, 0.02277567982673645, 0.1837109625339508, 0.1317267119884491, 0.16818073391914368, 0.2770320475101471, 0.055697035044431686, 0.22481146454811096, 0.03405582159757614, 0.06092429161071777, 0.07892799377441406, 0.1252085268497467, 0.02916351705789566, 0.2450406551361084, 0.059783320873975754, 0.02505580335855484, 0.19788551330566406, 0.18969908356666565, 0.03800756856799126, 0.04605359584093094, 0.16400420665740967, 0.01937064155936241, 0.11487218737602234, 0.029427099972963333, 0.13582807779312134, 0.16877296566963196, 0.15134380757808685, 0.11607527732849121, 0.024317588657140732, 0.18394973874092102, 0.021467028185725212, 0.030575454235076904, 0.13727490603923798, 0.09041187167167664, 0.08465014398097992, 0.27988868951797485, 0.0701507180929184, 0.04405435547232628, 0.03162127733230591, 0.1653939187526703, 0.09126149863004684, 0.11502917110919952, 0.06150749325752258, 0.1349109411239624, 0.06882874667644501, 0.03507848083972931, 0.14810754358768463, 0.032231271266937256, 0.0853748768568039, 0.08500314503908157, 0.15871606767177582, 0.037403423339128494, 0.12889669835567474, 0.13721239566802979, 0.058360837399959564, 0.10924206674098969, 0.13465839624404907, 0.059673674404621124, 0.04167214035987854, 0.015670280903577805]}}, "meta": {"lr": {"steps": [32, 64, 96, 128, 160, 192, 224, 256, 288, 320, 352, 384, 416, 448, 480, 512, 544, 576, 608, 640, 672, 704, 736, 768, 800, 832, 864, 896, 928, 960, 992, 1024, 1056, 1088, 1120, 1152, 1184, 1216, 1248, 1280, 1312, 1344, 1376, 1408, 1440, 1472, 1504, 1536, 1568, 1600, 1632, 1664, 1696, 1728, 1760, 1792, 1824, 1856, 1888, 1920, 1952, 1984, 2016, 2048, 2080, 2112, 2144, 2176, 2208, 2240, 2272, 2304, 2336, 2368, 2400, 2432, 2464, 2496, 2528, 2560, 2592, 2624, 2656, 2688, 2720, 2752, 2784, 2816, 2848, 2880, 2912, 2944, 2976, 3008, 3040, 3072, 3104, 3136, 3168, 3200, 3232, 3264, 3296, 3328, 3360, 3392, 3424, 3456, 3488, 3520, 3552, 3584, 3616, 3648, 3680, 3712, 3744, 3776, 3808, 3840, 3872, 3904, 3936, 3968, 4000, 4032, 4064, 4096, 4128, 4160, 4192, 4224, 4256, 4288, 4320, 4352, 4384, 4416, 4448, 4480, 4512, 4544, 4576, 4608, 4640, 4672, 4704, 4736, 4768, 4800, 4832, 4864, 4896, 4928, 4960, 4992, 5024, 5056, 5088, 5120, 5152, 5184, 5216, 5248, 5280, 5312, 5344, 5376, 5408, 5440, 5472, 5504, 5536, 5568, 5600, 5632, 5664, 5696, 5728, 5760, 5792, 5824, 5856, 5888, 5920, 5952, 5984, 6016, 6048, 6080, 6112, 6144, 6176, 6208, 6240, 6272, 6304, 6336, 6368, 6400, 6432, 6464, 6496, 6528, 6560, 6592, 6624, 6656, 6688, 6720],