{"train": {"loss": {"steps": [16, 32, 48, 64, 80, 96, 112, 128, 144, 160, 176, 192, 208, 224, 240, 256, 272, 288, 304, 320, 336, 352, 368, 384, 400, 416, 432, 448, 464, 480, 496, 512, 528, 544, 560, 576, 592, 608, 624, 640, 656, 672, 688, 704, 720, 736, 752, 768, 784, 800, 816, 832, 848, 864, 880, 896, 912, 928, 944, 960, 976, 992, 1008, 1024, 1040, 1056, 1072, 1088, 1104, 1120, 1136, 1152, 1168, 1184, 1200, 1216, 1232, 1248, 1264, 1280, 1296, 1312, 1328, 1344, 1360, 1376, 1392, 1408, 1424, 1440, 1456, 1472, 1488, 1504, 1520, 1536, 1552, 1568, 1584, 1600, 1616, 1632, 1648, 1664, 1680, 1696, 1712, 1728, 1744, 1760, 1776, 1792, 1808, 1824, 1840, 1856, 1872, 1888, 1904, 1920, 1936, 1952, 1968, 1984, 2000, 2016, 2032, 2048, 2064, 2080, 2096, 2112, 2128, 2144, 2160, 2176, 2192, 2208, 2224, 2240, 2256, 2272, 2288, 2304, 2320, 2336, 2352, 2368, 2384, 2400, 2416, 2432, 2448, 2464, 2480, 2496, 2512, 2528, 2544, 2560, 2576, 2592, 2608, 2624, 2640, 2656, 2672, 2688, 2704, 2720, 2736, 2752, 2768, 2784, 2800, 2816, 2832, 2848, 2864, 2880, 2896, 2912, 2928, 2944, 2960, 2976, 2992, 3008, 3024, 3040, 3056, 3072, 3088, 3104, 3120, 3136, 3152, 3168, 3184, 3200, 3216, 3232, 3248, 3264, 3280, 3296, 3312, 3328, 3344, 3360, 3376, 3392, 3408, 3424, 3440, 3456, 3472, 3488, 3504, 3520, 3536, 3552, 3568, 3584, 3600, 3616, 3632, 3648, 3664, 3680, 3696, 3712, 3728, 3744, 3760, 3776, 3792, 3808, 3824, 3840, 3856, 3872, 3888, 3904, 3920, 3936, 3952, 3968, 3984, 4000, 4016, 4032, 4048, 4064, 4080, 4096, 4112, 4128, 4144, 4160, 4176, 4192, 4208, 4224, 4240, 4256, 4272, 4288, 4304, 4320, 4336, 4352, 4368, 4384, 4400, 4416, 4432, 4448, 4464, 4480, 4496, 4512], "values": [0.6928342580795288, 0.6774992346763611, 0.6501625180244446, 0.6974810361862183, 0.6643832921981812, 0.6755622625350952, 0.6842674016952515, 0.6504988074302673, 0.6744509935379028, 0.653409481048584, 0.6440209150314331, 0.6517575979232788, 0.6445317268371582, 0.6568869948387146, 0.6944212317466736, 0.6253082752227783, 0.7538594007492065, 0.540250301361084, 0.6074041724205017, 0.5469620227813721, 0.5586205124855042, 0.543975293636322, 0.6347243785858154, 0.6072090268135071, 0.49475425481796265, 0.5156654119491577, 0.4919806718826294, 0.5842387080192566, 0.5425649285316467, 0.49523618817329407, 0.6259869337081909, 0.6525787711143494, 0.4592680335044861, 0.5190237164497375, 0.40185195207595825, 0.45098769664764404, 0.39102834463119507, 0.3731417655944824, 0.48093152046203613, 0.32985353469848633, 0.5579701662063599, 0.6502581834793091, 0.4349501132965088, 0.4142303466796875, 0.3578408360481262, 0.7117480039596558, 0.32262444496154785, 0.5303931832313538, 0.3591538965702057, 0.6086607575416565, 0.3501569330692291, 0.36492425203323364, 0.372748464345932, 0.3044346570968628, 0.35374319553375244, 0.4180273711681366, 0.47351714968681335, 0.34620219469070435, 0.4081651568412781, 0.5104357600212097, 0.6214494705200195, 0.4963139593601227, 0.548112154006958, 0.4485446810722351, 0.6769623756408691, 0.5885834693908691, 0.4179646968841553, 0.308064341545105, 0.44128912687301636, 0.45332443714141846, 0.5929352641105652, 0.4769454002380371, 0.49574393033981323, 0.7147560119628906, 0.4853751063346863, 0.6225326061248779, 0.5675075054168701, 0.6603720188140869, 0.3268704414367676, 0.44507959485054016, 0.27219608426094055, 0.45964279770851135, 0.3659794330596924, 0.3605582118034363, 0.520551323890686, 0.3448200523853302, 0.6485385894775391, 0.5251086354255676, 0.33875754475593567, 0.3901526629924774, 0.47448915243148804, 0.49070116877555847, 0.4963161051273346, 0.22908197343349457, 0.212954580783844, 0.8561124801635742, 0.4872714877128601, 0.4383123815059662, 0.4394166171550751, 0.3789057731628418, 0.5171375274658203, 0.38574618101119995, 0.49077174067497253, 0.5512563586235046, 0.36296799778938293, 0.5199007987976074, 0.23117384314537048, 0.3548962473869324, 0.5514775514602661, 0.2643565237522125, 0.4429676830768585, 0.3321300148963928, 0.41049671173095703, 0.44683822989463806, 0.4250452220439911, 0.4087176024913788, 0.3938818871974945, 0.4919496178627014, 0.3639688193798065, 0.37015581130981445, 0.29898136854171753, 0.25003963708877563, 0.44660571217536926, 0.3235313594341278, 0.474576860666275, 0.37765932083129883, 0.31754371523857117, 0.4240911304950714, 0.2855086624622345, 0.23893168568611145, 0.35260990262031555, 0.6114190816879272, 0.5546863675117493, 0.3122560977935791, 0.5907207131385803, 0.36283189058303833, 0.3784414529800415, 0.4363289177417755, 0.2628922760486603, 0.3246500492095947, 0.4434531033039093, 0.308655321598053, 0.3723117709159851, 0.3745727241039276, 0.17920204997062683, 0.2790590822696686, 0.4044222831726074, 0.2534618079662323, 0.31233537197113037, 0.21097281575202942, 0.18650324642658234, 0.21409331262111664, 0.27581679821014404, 0.22999778389930725, 0.4498928189277649, 0.17914219200611115, 0.28642940521240234, 0.2651546597480774, 0.30442726612091064, 0.2834509313106537, 0.22875401377677917, 0.23780174553394318, 0.08847290277481079, 0.2296062707901001, 0.32450997829437256, 0.3932574987411499, 0.3905054032802582, 0.2715946435928345, 0.32196930050849915, 0.2067844271659851, 0.24496746063232422, 0.3428165316581726, 0.2538806200027466, 0.2545676827430725, 0.1692655235528946, 0.20912298560142517, 0.27984124422073364, 0.4609180986881256, 0.22029489278793335, 0.37539947032928467, 0.16920465230941772, 0.4227849245071411, 0.42922329902648926, 0.2957911491394043, 0.273979514837265, 0.13596251606941223, 0.12926353514194489, 0.1451556235551834, 0.2892839312553406, 0.4532082676887512, 0.20349359512329102, 0.6417636275291443, 0.3675500750541687, 0.2989143133163452, 0.32065820693969727, 0.2784903645515442, 0.3122510015964508, 0.2792268991470337, 0.330460786819458, 0.14099112153053284, 0.20781493186950684, 0.10602864623069763, 0.17748527228832245, 0.3148644268512726, 0.38582494854927063, 0.4898378849029541, 0.2325824648141861, 0.2392529547214508, 0.13629817962646484, 0.2917301058769226, 0.09460389614105225, 0.1411016285419464, 0.13985395431518555, 0.5506421327590942, 0.25800326466560364, 0.3100692629814148, 0.13063663244247437, 0.23138830065727234, 0.31713300943374634, 0.18334084749221802, 0.4577719271183014, 0.18755300343036652, 0.12037386000156403, 0.14403317868709564, 0.2564811706542969, 0.4190988540649414, 0.1184881329536438, 0.3490679860115051, 0.21394744515419006, 0.20217777788639069, 0.22476759552955627, 0.11197607219219208, 0.18993055820465088, 0.24093860387802124, 0.20225869119167328, 0.4149823486804962, 0.202048659324646, 0.304304301738739, 0.29535648226737976, 0.0937686413526535, 0.15482886135578156, 0.31154531240463257, 0.3166954219341278, 0.1267739236354828, 0.16379399597644806, 0.2331848442554474, 0.2623797655105591, 0.3060530722141266, 0.28648629784584045, 0.3358110785484314, 0.14320498704910278, 0.1905260682106018, 0.14343994855880737, 0.17358222603797913, 0.5445753931999207, 0.11152460426092148, 0.2708713412284851, 0.10030041635036469, 0.5354199409484863, 0.24586185812950134, 0.24876250326633453, 0.10836998373270035, 0.14976195991039276, 0.3785111904144287, 0.3130223751068115, 0.260251522064209, 0.13163402676582336, 0.25996312499046326, 0.39655986428260803, 0.5142378211021423, 0.17700837552547455, 0.11484640836715698, 0.1200539767742157, 0.352070689201355, 0.22559934854507446, 0.23844805359840393, 0.37129276990890503, 0.3109740614891052, 0.4265468120574951, 0.6367490291595459, 0.31262099742889404, 0.1341785043478012]}},