{"train": {"loss": {"steps": [32, 64, 96, 128, 160, 192, 224, 256, 288, 320, 352, 384, 416, 448, 480, 512, 544, 576, 608, 640, 672, 704, 736, 768, 800, 832, 864, 896, 928, 960, 992, 1024, 1056, 1088, 1120, 1152, 1184, 1216, 1248, 1280, 1312, 1344, 1376, 1408, 1440, 1472, 1504, 1536, 1568, 1600, 1632, 1664, 1696, 1728, 1760, 1792, 1824, 1856, 1888, 1920, 1952, 1984, 2016, 2048, 2080, 2112, 2144, 2176, 2208, 2240, 2272, 2304, 2336, 2368, 2400, 2432, 2464, 2496, 2528, 2560, 2592, 2624, 2656, 2688, 2720, 2752, 2784, 2816, 2848, 2880, 2912, 2944, 2976, 3008, 3040, 3072, 3104, 3136, 3168, 3200, 3232, 3264, 3296, 3328, 3360, 3392, 3424, 3456, 3488, 3520, 3552, 3584, 3616, 3648, 3680, 3712, 3744, 3776, 3808, 3840, 3872, 3904, 3936, 3968, 4000, 4032, 4064, 4096, 4128, 4160, 4192, 4224, 4256, 4288, 4320, 4352, 4384, 4416, 4448, 4480, 4512, 4544, 4576, 4608, 4640, 4672, 4704, 4736, 4768, 4800, 4832, 4864, 4896, 4928, 4960, 4992, 5024, 5056, 5088, 5120, 5152, 5184, 5216, 5248, 5280, 5312, 5344, 5376, 5408, 5440, 5472, 5504, 5536, 5568, 5600, 5632, 5664, 5696, 5728, 5760, 5792, 5824, 5856, 5888, 5920], "values": [0.6975746154785156, 0.6556763052940369, 0.6097671985626221, 0.5698437690734863, 0.5329269170761108, 0.500250518321991, 0.4769493043422699, 0.4522531032562256, 0.433035671710968, 0.42180395126342773, 0.39241310954093933, 0.42580461502075195, 0.40355080366134644, 0.3842185139656067, 0.3734286427497864, 0.3556966185569763, 0.3543211817741394, 0.31675219535827637, 0.3067459762096405, 0.3110947608947754, 0.3181804418563843, 0.3004802465438843, 0.22918818891048431, 0.24393552541732788, 0.2075018584728241, 0.1891642063856125, 0.22669604420661926, 0.22018718719482422, 0.16594886779785156, 0.23324483633041382, 0.18009814620018005, 0.16058281064033508, 0.13646960258483887, 0.09505768865346909, 0.14307352900505066, 0.07310479134321213, 0.16981059312820435, 0.08643274009227753, 0.08763127028942108, 0.14383582770824432, 0.12153244018554688, 0.045190438628196716, 0.08600541204214096, 0.09884947538375854, 0.10066451132297516, 0.09767290204763412, 0.05250459909439087, 0.0638321042060852, 0.1012488305568695, 0.12257983535528183, 0.04594583064317703, 0.09929799288511276, 0.06173373758792877, 0.10985271632671356, 0.041463788598775864, 0.11963220685720444, 0.07178300619125366, 0.15766996145248413, 0.07132981717586517, 0.07101160287857056, 0.06611411273479462, 0.2443283051252365, 0.023469312116503716, 0.13655373454093933, 0.0846627876162529, 0.056807857006788254, 0.20605479180812836, 0.07071022689342499, 0.06856049597263336, 0.09594361484050751, 0.06305152177810669, 0.0451124832034111, 0.07116739451885223, 0.10978379100561142, 0.06984634697437286, 0.05214538425207138, 0.05900793522596359, 0.10012732446193695, 0.06038516014814377, 0.08952014893293381, 0.10297225415706635, 0.04759993776679039, 0.02303692325949669, 0.13310104608535767, 0.03477820008993149, 0.07526027411222458, 0.1774868667125702, 0.03713781386613846, 0.033779360353946686, 0.11068909615278244, 0.02531537041068077, 0.030632469803094864, 0.014500916004180908, 0.07292452454566956, 0.08751936256885529, 0.061816900968551636, 0.03341960161924362, 0.11590206623077393, 0.12947134673595428, 0.04247724637389183, 0.14695695042610168, 0.10965786874294281, 0.054805487394332886, 0.044345639646053314, 0.03144723176956177, 0.011293914169073105, 0.017978208139538765, 0.03605338931083679, 0.03584864363074303, 0.019790496677160263, 0.13689640164375305, 0.06826354563236237, 0.07338446378707886, 0.05515251308679581, 0.05727417394518852, 0.09680505096912384, 0.033818721771240234, 0.07963278144598007, 0.05442030355334282, 0.046680670231580734, 0.026191800832748413, 0.02864704839885235, 0.01380404643714428, 0.04652474448084831, 0.05083007737994194, 0.010269731283187866, 0.05487630516290665, 0.07032330334186554, 0.0575576052069664, 0.02483861893415451, 0.03910531848669052, 0.03520096465945244, 0.05529184266924858, 0.023166120052337646, 0.02865689992904663, 0.05766909942030907, 0.03753179311752319, 0.016502730548381805, 0.03964094817638397, 0.02215443179011345, 0.0371854230761528, 0.01878867670893669, 0.02216833084821701, 0.036424603313207626, 0.011615950614213943, 0.03095473162829876, 0.020926736295223236, 0.016388796269893646, 0.053991228342056274, 0.053085025399923325, 0.021932370960712433, 0.031450480222702026, 0.021149178966879845, 0.043402012437582016, 0.030861875042319298, 0.040778301656246185, 0.03243061527609825, 0.010363804176449776, 0.045736055821180344, 0.04867100715637207, 0.01353365182876587, 0.018395796418190002, 0.01623297855257988, 0.05999816954135895, 0.011179241351783276, 0.022090163081884384, 0.038504984229803085, 0.05148480087518692, 0.024752354249358177, 0.03572216257452965, 0.018275557085871696, 0.02017293870449066, 0.0350552536547184, 0.01608365774154663, 0.04060092568397522, 0.06250086426734924, 0.012188922613859177, 0.04421732574701309, 0.03667137026786804, 0.015402155928313732, 0.027679240331053734, 0.016013072803616524, 0.019275221973657608, 0.01804172806441784, 0.11022494733333588]}}, "meta": {"lr": {"steps": [32, 64, 96, 128, 160, 192, 224, 256, 288, 320, 352, 384, 416, 448, 480, 512, 544, 576, 608, 640, 672, 704, 736, 768, 800, 832, 864, 896, 928, 960, 992, 1024, 1056, 1088, 1120, 1152, 1184, 1216, 1248, 1280, 1312, 1344, 1376, 1408, 1440, 1472, 1504, 1536, 1568, 1600, 1632, 1664, 1696, 1728, 1760, 1792, 1824, 1856, 1888, 1920, 1952, 1984, 2016, 2048, 2080, 2112, 2144, 2176, 2208, 2240, 2272, 2304, 2336, 2368, 2400, 2432, 2464, 2496, 2528, 2560, 2592, 2624, 2656, 2688, 2720, 2752, 2784, 2816, 2848, 2880, 2912, 2944, 2976, 3008, 3040, 3072, 3104, 3136, 3168, 3200, 3232, 3264, 3296, 3328, 3360, 3392, 3424, 3456, 3488, 3520, 3552, 3584, 3616, 3648, 3680, 3712, 3744, 3776, 3808, 3840, 3872, 3904, 3936, 3968, 4000, 4032, 4064, 4096, 4128, 4160, 4192, 4224, 4256, 4288, 4320, 4352, 4384, 4416, 4448, 4480, 4512, 4544, 4576, 4608, 4640, 4672, 4704, 4736, 4768, 4800, 4832, 4864, 4896, 4928, 4960, 4992, 5024, 5056, 5088, 5120, 5152, 5184, 5216, 5248, 5280, 5312, 5344, 5376, 5408, 5440, 5472, 5504, 5536, 5568, 5600, 5632, 5664, 5696, 5728, 5760, 5792, 5824, 5856, 5888, 5920],