{"train": {"loss": {"steps": [32, 64, 96, 128, 160, 192, 224, 256, 288, 320, 352, 384, 416, 448, 480, 512, 544, 576, 608, 640, 672, 704, 736, 768, 800, 832, 864, 896, 928, 960, 992, 1024, 1056, 1088, 1120, 1152, 1184, 1216, 1248, 1280, 1312, 1344, 1376, 1408, 1440, 1472, 1504, 1536, 1568, 1600, 1632, 1664, 1696, 1728, 1760, 1792, 1824, 1856, 1888, 1920, 1952, 1984, 2016, 2048, 2080, 2112, 2144, 2176, 2208, 2240, 2272, 2304, 2336, 2368, 2400, 2432, 2464, 2496, 2528, 2560, 2592, 2624, 2656, 2688, 2720, 2752, 2784, 2816, 2848, 2880, 2912, 2944, 2976, 3008, 3040, 3072, 3104, 3136, 3168, 3200, 3232, 3264, 3296, 3328, 3360, 3392, 3424, 3456, 3488, 3520, 3552, 3584, 3616, 3648, 3680, 3712, 3744, 3776, 3808, 3840, 3872, 3904, 3936, 3968, 4000, 4032, 4064, 4096, 4128, 4160, 4192, 4224, 4256, 4288, 4320, 4352, 4384, 4416, 4448, 4480, 4512, 4544, 4576, 4608, 4640, 4672, 4704, 4736, 4768, 4800, 4832, 4864, 4896, 4928, 4960, 4992, 5024, 5056, 5088, 5120], "values": [0.6971863508224487, 0.6875952482223511, 0.6713888645172119, 0.662690281867981, 0.5978977680206299, 0.5607846975326538, 0.5870007276535034, 0.5856928825378418, 0.553969144821167, 0.4953151345252991, 0.5648142695426941, 0.49867159128189087, 0.5661176443099976, 0.4318770468235016, 0.4815885126590729, 0.6040398478507996, 0.44603097438812256, 0.4585992395877838, 0.49787968397140503, 0.37072086334228516, 0.40719112753868103, 0.3529965579509735, 0.3620319664478302, 0.3343167006969452, 0.3084704875946045, 0.3543531894683838, 0.31731531023979187, 0.21197117865085602, 0.40680307149887085, 0.18744370341300964, 0.20235410332679749, 0.23641645908355713, 0.1788826882839203, 0.1965647041797638, 0.17028269171714783, 0.1507299244403839, 0.09289801865816116, 0.09062498807907104, 0.08686282485723495, 0.060226067900657654, 0.05980560556054115, 0.050352416932582855, 0.19457131624221802, 0.1256285309791565, 0.11473257839679718, 0.06846683472394943, 0.03043482080101967, 0.1353144496679306, 0.02574206329882145, 0.017812179401516914, 0.02580392360687256, 0.04047727584838867, 0.053961049765348434, 0.03465738892555237, 0.0866711288690567, 0.11546317487955093, 0.03391232714056969, 0.009774021804332733, 0.028070230036973953, 0.1341296136379242, 0.018296893686056137, 0.06480719149112701, 0.13858629763126373, 0.022982623428106308, 0.06290053576231003, 0.04654962942004204, 0.02024248242378235, 0.01587783917784691, 0.03342154622077942, 0.009740853682160378, 0.007162557914853096, 0.011073928326368332, 0.029116101562976837, 0.03896402567625046, 0.029938746243715286, 0.01806183159351349, 0.02096615917980671, 0.009255021810531616, 0.04222416877746582, 0.004550551064312458, 0.009961329400539398, 0.006274488288909197, 0.0029131872579455376, 0.007726742886006832, 0.007874632254242897, 0.004813448525965214, 0.0070140669122338295, 0.007013161666691303, 0.02320166677236557, 0.0314779207110405, 0.008986313827335835, 0.004231143742799759, 0.002643333747982979, 0.08516712486743927, 0.004074683412909508, 0.06958599388599396, 0.09157270193099976, 0.003334919223561883, 0.001753025921061635, 0.0021783518604934216, 0.0030786555726081133, 0.003309783758595586, 0.12953127920627594, 0.002926815301179886, 0.005308346822857857, 0.004103741608560085, 0.01804177463054657, 0.013479218818247318, 0.014064528048038483, 0.014667906798422337, 0.010420862585306168, 0.004181248135864735, 0.013684399425983429, 0.0109079135581851, 0.014014190062880516, 0.014175061136484146, 0.0014815940521657467, 0.0037908132653683424, 0.0052662016823887825, 0.019091224297881126, 0.005622784607112408, 0.006459704600274563, 0.009691309183835983, 0.03618784248828888, 0.00501210568472743, 0.007485477719455957, 0.0021197255700826645, 0.004830585326999426, 0.0030254614539444447, 0.002256557811051607, 0.004025712143629789, 0.02598574012517929, 0.00497098034247756, 0.0031819255091249943, 0.006070870906114578, 0.0016993328463286161, 0.0019703274592757225, 0.0030586181674152613, 0.004004241898655891, 0.0019895394798368216, 0.0023614342790097, 0.022588782012462616, 0.0017799332272261381, 0.03349849581718445, 0.0028172640595585108, 0.028380531817674637, 0.004034381825476885, 0.0018858679104596376, 0.002582069719210267, 0.006518964655697346, 0.0026922221295535564, 0.002637449186295271, 0.003522649873048067, 0.002113777445629239, 0.02021692506968975, 0.0041491203010082245, 0.0035305258352309465, 0.01391667127609253, 0.002940957900136709, 0.00545982550829649]}}, "meta": {"lr": {"steps": [32, 64, 96, 128, 160, 192, 224, 256, 288, 320, 352, 384, 416, 448, 480, 512, 544, 576, 608, 640, 672, 704, 736, 768, 800, 832, 864, 896, 928, 960, 992, 1024, 1056, 1088, 1120, 1152, 1184, 1216, 1248, 1280, 1312, 1344, 1376, 1408, 1440, 1472, 1504, 1536, 1568, 1600, 1632, 1664, 1696, 1728, 1760, 1792, 1824, 1856, 1888, 1920, 1952, 1984, 2016, 2048, 2080, 2112, 2144, 2176, 2208, 2240, 2272, 2304, 2336, 2368, 2400, 2432, 2464, 2496, 2528, 2560, 2592, 2624, 2656, 2688, 2720, 2752, 2784, 2816, 2848, 2880, 2912, 2944, 2976, 3008, 3040, 3072, 3104, 3136, 3168, 3200, 3232, 3264, 3296, 3328, 3360, 3392, 3424, 3456, 3488, 3520, 3552, 3584, 3616, 3648, 3680, 3712, 3744, 3776, 3808, 3840, 3872, 3904, 3936, 3968, 4000, 4032, 4064, 4096, 4128, 4160, 4192, 4224, 4256, 4288, 4320, 4352, 4384, 4416, 4448, 4480, 4512, 4544, 4576, 4608, 4640, 4672, 4704, 4736, 4768, 4800, 4832, 4864, 4896, 4928, 4960, 4992, 5024, 5056, 5088, 5120],