{"train": {"loss": {"steps": [32, 64, 96, 128, 160, 192, 224, 256, 288, 320, 352, 384, 416, 448, 480, 512, 544, 576, 608, 640, 672, 704, 736, 768, 800, 832, 864, 896, 928, 960, 992, 1024, 1056, 1088, 1120, 1152, 1184, 1216, 1248, 1280, 1312, 1344, 1376, 1408, 1440, 1472, 1504, 1536, 1568, 1600, 1632, 1664, 1696, 1728, 1760, 1792, 1824, 1856, 1888, 1920, 1952, 1984, 2016, 2048, 2080, 2112, 2144, 2176, 2208, 2240, 2272, 2304, 2336, 2368, 2400, 2432, 2464, 2496, 2528, 2560, 2592, 2624, 2656, 2688, 2720, 2752, 2784, 2816, 2848, 2880, 2912, 2944, 2976, 3008, 3040, 3072, 3104, 3136, 3168, 3200], "values": [0.6975138783454895, 0.6303420066833496, 0.5618268251419067, 0.5106614828109741, 0.445313423871994, 0.38323691487312317, 0.33762258291244507, 0.29615557193756104, 0.27351459860801697, 0.242059588432312, 0.21419388055801392, 0.18754349648952484, 0.1824030727148056, 0.17597606778144836, 0.15879254043102264, 0.15710856020450592, 0.15470728278160095, 0.14829851686954498, 0.15264639258384705, 0.15126731991767883, 0.15326280891895294, 0.15475502610206604, 0.1518692672252655, 0.1510496288537979, 0.15105979144573212, 0.15375679731369019, 0.15183871984481812, 0.15278743207454681, 0.15400484204292297, 0.14709524810314178, 0.1489686369895935, 0.15065568685531616, 0.14663462340831757, 0.14665587246418, 0.14542719721794128, 0.14230798184871674, 0.1405981481075287, 0.13869301974773407, 0.14052452147006989, 0.13945789635181427, 0.1367570161819458, 0.13648682832717896, 0.133613720536232, 0.13626666367053986, 0.13339094817638397, 0.13514293730258942, 0.1298995018005371, 0.1374586671590805, 0.13253675401210785, 0.13535118103027344, 0.12871545553207397, 0.1316039115190506, 0.13742031157016754, 0.1321757286787033, 0.13098447024822235, 0.1293848752975464, 0.1297641098499298, 0.13139116764068604, 0.12779678404331207, 0.12752683460712433, 0.12519225478172302, 0.12918101251125336, 0.1219135969877243, 0.12317854911088943, 0.12529082596302032, 0.1263955533504486, 0.12729185819625854, 0.12752358615398407, 0.12219256162643433, 0.1223701760172844, 0.12753117084503174, 0.1234690397977829, 0.11897366493940353, 0.1252661496400833, 0.1246371790766716, 0.12060622125864029, 0.1231422871351242, 0.1237894669175148, 0.12032943218946457, 0.13143908977508545, 0.12282025814056396, 0.1210128515958786, 0.12171147018671036, 0.12047252058982849, 0.11874368041753769, 0.12517590820789337, 0.12444208562374115, 0.12212428450584412, 0.12244778126478195, 0.12063417583703995, 0.1149337962269783, 0.12058041244745255, 0.11494143307209015, 0.11793232709169388, 0.12259083986282349, 0.12420329451560974, 0.11843271553516388, 0.12235022336244583, 0.12291718274354935, 0.11781768500804901]}}, "meta": {"lr": {"steps": [32, 64, 96, 128, 160, 192, 224, 256, 288, 320, 352, 384, 416, 448, 480, 512, 544, 576, 608, 640, 672, 704, 736, 768, 800, 832, 864, 896, 928, 960, 992, 1024, 1056, 1088, 1120, 1152, 1184, 1216, 1248, 1280, 1312, 1344, 1376, 1408, 1440, 1472, 1504, 1536, 1568, 1600, 1632, 1664, 1696, 1728, 1760, 1792, 1824, 1856, 1888, 1920, 1952, 1984, 2016, 2048, 2080, 2112, 2144, 2176, 2208, 2240, 2272, 2304, 2336, 2368, 2400, 2432, 2464, 2496, 2528, 2560, 2592, 2624, 2656, 2688, 2720, 2752, 2784, 2816, 2848, 2880, 2912, 2944, 2976, 3008, 3040, 3072, 3104, 3136, 3168, 3200], "values": [0.0009997532801828658, 0.0009990133642141358, 0.00099778098230154, 0.000996057350657239, 0.0009938441702975688, 0.0009911436253643444, 0.0009879583809693738, 0.0009842915805643156, 0.0009801468428384716, 0.0009755282581475768, 0.0009704403844771128, 0.0009648882429441257, 0.0009588773128419905, 0.0009524135262330098, 0.0009455032620941839, 0.0009381533400219318, 0.0009303710135019718, 0.0009221639627510075, 0.0009135402871372809, 0.0009045084971874737, 0.0008950775061878452, 0.0008852566213878947, 0.0008750555348152298, 0.0008644843137107057, 0.0008535533905932737, 0.0008422735529643444, 0.0008306559326618259, 0.0008187119948743449, 0.0008064535268264883, 0.0007938926261462366, 0.0007810416889260653, 0.0007679133974894983, 0.0007545207078751857, 0.0007408768370508576, 0.0007269952498697733, 0.0007128896457825364, 0.0006985739453173903, 0.0006840622763423391, 0.0006693689601226458, 0.0006545084971874737, 0.0006394955530196147, 0.0006243449435824276, 0.0006090716206982714, 0.0005936906572928624, 0.0005782172325201155, 0.0005626666167821521, 0.0005470541566592572, 0.0005313952597646568, 0.0005157053795390641, 0.0005, 0.00048429462046093585, 0.0004686047402353433, 0.00045294584334074284, 0.00043733338321784784, 0.0004217827674798845, 0.0004063093427071376, 0.0003909283793017289, 0.0003756550564175727, 0.0003605044469803854, 0.00034549150281252633, 0.0003306310398773543, 0.00031593772365766105, 0.00030142605468260977, 0.00028711035421746366, 0.00027300475013022663, 0.0002591231629491423, 0.00024547929212481435, 0.00023208660251050156, 0.0002189583110739348, 0.00020610737385376348, 0.00019354647317351188, 0.00018128800512565513, 0.00016934406733817414, 0.00015772644703565563, 0.00014644660940672628, 0.00013551568628929433, 0.0001249444651847702, 0.00011474337861210544, 0.00010492249381215479, 9.549150281252633e-05, 8.645971286271903e-05, 7.783603724899258e-05, 6.962898649802824e-05, 6.184665997806832e-05, 5.449673790581611e-05, 4.758647376699032e-05, 4.112268715800943e-05, 3.5111757055874326e-05, 2.9559615522887274e-05, 2.4471741852423235e-05, 1.985315716152847e-05, 1.5708419435684463e-05, 1.2041619030626282e-05, 8.856374635655695e-06, 6.15582970243117e-06, 3.942649342761117e-06, 2.219017698460002e-06, 9.866357858642206e-07, 2.467198171342e-07, 0.0]}}, "validation": {"loss": {"steps": [640, 1280, 1920, 2560, 3200], "values": [0.15087421238422394, 0.1504524052143097, 0.13207416236400604, 0.12782053649425507, 0.12701201438903809]}, "ROC_AUC": {"steps": [640, 1280, 1920, 2560, 3200], "values": [0.7613319896650802, 0.9052413125238225, 0.9226524799672048, 0.9290851518276894, 0.9294605011649719]}}}