{"train": {"loss": {"steps": [16, 32, 48, 64, 80, 96, 112, 128, 144, 160, 176, 192, 208, 224, 240, 256, 272, 288, 304, 320, 336, 352, 368, 384, 400, 416, 432, 448, 464, 480, 496, 512, 528, 544, 560, 576, 592, 608, 624, 640, 656, 672, 688, 704, 720, 736, 752, 768, 784, 800, 816, 832, 848, 864, 880, 896, 912, 928, 944, 960, 976, 992, 1008, 1024, 1040, 1056, 1072, 1088, 1104, 1120, 1136, 1152, 1168, 1184, 1200, 1216, 1232, 1248, 1264, 1280, 1296, 1312, 1328, 1344, 1360, 1376, 1392, 1408, 1424, 1440, 1456, 1472, 1488, 1504, 1520, 1536, 1552, 1568, 1584, 1600, 1616, 1632, 1648, 1664, 1680, 1696, 1712, 1728, 1744, 1760, 1776, 1792, 1808, 1824, 1840, 1856, 1872, 1888, 1904, 1920, 1936, 1952, 1968, 1984, 2000, 2016, 2032, 2048, 2064, 2080, 2096, 2112, 2128, 2144, 2160, 2176, 2192, 2208, 2224, 2240, 2256, 2272, 2288, 2304, 2320, 2336, 2352, 2368, 2384, 2400, 2416, 2432, 2448, 2464, 2480, 2496, 2512, 2528, 2544, 2560, 2576, 2592, 2608, 2624, 2640, 2656, 2672, 2688, 2704, 2720, 2736, 2752, 2768, 2784, 2800, 2816, 2832, 2848, 2864, 2880, 2896, 2912, 2928, 2944, 2960, 2976, 2992, 3008, 3024, 3040, 3056, 3072, 3088, 3104, 3120, 3136, 3152, 3168, 3184, 3200, 3216, 3232, 3248, 3264, 3280, 3296, 3312, 3328, 3344, 3360, 3376, 3392, 3408, 3424, 3440, 3456, 3472, 3488, 3504, 3520, 3536, 3552, 3568, 3584, 3600, 3616, 3632, 3648, 3664, 3680, 3696, 3712, 3728, 3744, 3760, 3776, 3792, 3808, 3824, 3840, 3856, 3872, 3888, 3904, 3920, 3936, 3952, 3968, 3984, 4000, 4016, 4032, 4048, 4064, 4080, 4096, 4112, 4128, 4144, 4160, 4176, 4192, 4208, 4224, 4240, 4256, 4272, 4288, 4304, 4320, 4336, 4352, 4368, 4384, 4400, 4416, 4432, 4448, 4464, 4480, 4496, 4512, 4528, 4544, 4560, 4576, 4592, 4608, 4624, 4640, 4656, 4672, 4688, 4704, 4720, 4736, 4752, 4768, 4784, 4800, 4816, 4832, 4848, 4864, 4880, 4896, 4912, 4928, 4944, 4960], "values": [1.9041228294372559, 2.090895175933838, 2.3035545349121094, 1.7828562259674072, 1.9564834833145142, 1.6701633930206299, 1.4162447452545166, 1.4707961082458496, 1.254578948020935, 1.1872304677963257, 0.9913843870162964, 1.0309921503067017, 1.2308568954467773, 0.909196138381958, 0.9658384323120117, 1.0101110935211182, 1.036516785621643, 0.975979745388031, 0.7568491697311401, 0.9182423949241638, 0.7337737083435059, 0.7831657528877258, 0.8587647676467896, 0.8804214000701904, 0.8016722202301025, 0.6482601761817932, 0.8511492013931274, 1.10171639919281, 1.0517637729644775, 1.0849909782409668, 0.7964283227920532, 0.8504194021224976, 0.7525914907455444, 0.7004903554916382, 0.7239856719970703, 0.9243388175964355, 0.6771230697631836, 0.8562242388725281, 0.6795665621757507, 0.785244882106781, 0.5811464190483093, 0.8000932335853577, 0.5798492431640625, 0.7221104502677917, 0.7148262858390808, 0.6516416072845459, 0.7446556091308594, 0.7732880711555481, 0.713600218296051, 0.5182523727416992, 0.6583679914474487, 0.7128371596336365, 0.7225239276885986, 0.9128855466842651, 0.6541378498077393, 0.6736360788345337, 0.5747500061988831, 0.6942002177238464, 0.7065515518188477, 0.7126966118812561, 0.6524969935417175, 0.6288233995437622, 0.6422755718231201, 0.6542230248451233, 0.5244425535202026, 0.608976423740387, 0.5109241008758545, 0.48588815331459045, 0.5897258520126343, 0.7538971900939941, 0.44971513748168945, 0.5102182626724243, 0.4305785596370697, 0.6448537111282349, 0.4029400646686554, 0.46833324432373047, 0.5248223543167114, 0.6617960929870605, 0.47191983461380005, 0.5099006295204163, 0.542227029800415, 0.6244696974754333, 0.5244243741035461, 0.6638232469558716, 0.5194940567016602, 0.4905538558959961, 0.8242303133010864, 0.5431288480758667, 0.6072754263877869, 0.49743038415908813, 0.5793444514274597, 0.4975129961967468, 0.5983407497406006, 0.49708616733551025, 0.550251305103302, 0.4800414443016052, 0.4614213705062866, 0.5507115721702576, 0.47389739751815796, 0.5121628642082214, 0.5379415154457092, 0.48765993118286133, 0.526046633720398, 0.6219022274017334, 0.6044247150421143, 0.642433226108551, 0.587581992149353, 0.5636563301086426, 0.5792451500892639, 0.4582749605178833, 0.5052974224090576, 0.6203972101211548, 0.5240939259529114, 0.44089096784591675, 0.6496635675430298, 0.5689144730567932, 0.6122637987136841, 0.4793396592140198, 0.49450433254241943, 0.5661238431930542, 0.5104155540466309, 0.5315850377082825, 0.4721044600009918, 0.42721205949783325, 0.58231121301651, 0.5676552653312683, 0.5714205503463745, 0.5683345794677734, 0.3591519594192505, 0.3474575877189636, 0.42166662216186523, 0.464773029088974, 0.47246426343917847, 0.42341911792755127, 0.36543720960617065, 0.34862402081489563, 0.3694472908973694, 0.45919379591941833, 0.3852681517601013, 0.35646945238113403, 0.5086783170700073, 0.4391058087348938, 0.43537551164627075, 0.5267333388328552, 0.411338210105896, 0.45084425806999207, 0.3897220194339752, 0.37663888931274414, 0.4099673926830292, 0.430373877286911, 0.4909917414188385, 0.6025229692459106, 0.4211333096027374, 0.550254762172699, 0.6331263780593872, 0.4514758586883545, 0.47428685426712036, 0.5592303276062012, 0.4224502146244049, 0.3905582129955292, 0.43001091480255127, 0.3938734531402588, 0.3951647877693176, 0.5574663281440735, 0.5023546814918518, 0.5718415975570679, 0.4367871582508087, 0.5010550022125244, 0.3707096576690674, 0.450265109539032, 0.3903670310974121, 0.44189345836639404, 0.3500969707965851, 0.3403155207633972, 0.38433271646499634, 0.4671362638473511, 0.3779212236404419, 0.4442068338394165, 0.3487287163734436, 0.3235408067703247, 0.45631420612335205, 0.5414292812347412, 0.4635776877403259, 0.4082249701023102, 0.4309793710708618, 0.43512681126594543, 0.38424456119537354, 0.32657158374786377, 0.4013529419898987, 0.4275556802749634, 0.3277145326137543, 0.34877705574035645, 0.37243983149528503, 0.3578861355781555, 0.36837780475616455, 0.31013965606689453, 0.3332398533821106, 0.28806304931640625, 0.3614661693572998, 0.5725144147872925, 0.30666765570640564, 0.399204283952713, 0.3492841124534607, 0.34573084115982056, 0.4306575655937195, 0.3592914640903473, 0.3464568257331848, 0.3935107886791229, 0.3820676803588867, 0.3091025948524475, 0.30126017332077026, 0.31852975487709045, 0.3049428164958954, 0.3679922819137573, 0.2763018310070038, 0.5002659559249878, 0.2690442204475403, 0.3421154022216797, 0.2943789064884186, 0.33525407314300537, 0.38744568824768066, 0.3998631536960602, 0.38580986857414246, 0.3326183259487152, 0.3354414999485016, 0.45981189608573914, 0.26111942529678345, 0.307709276676178, 0.36107146739959717, 0.41548508405685425, 0.360291987657547, 0.32237520813941956, 0.35738080739974976, 0.28496992588043213, 0.3909744918346405, 0.36726877093315125, 0.31991785764694214, 0.38338184356689453, 0.3976418972015381, 0.3133917450904846, 0.29196521639823914, 0.36051374673843384, 0.3444455862045288, 0.32452961802482605, 0.2806403338909149, 0.32449743151664734, 0.34396809339523315, 0.39379656314849854, 0.4431403875350952, 0.4316771626472473, 0.46604692935943604, 0.24957679212093353, 0.34460458159446716, 0.3541657328605652, 0.3170241117477417, 0.33133870363235474, 0.333010733127594, 0.369107186794281, 0.4053047299385071, 0.2749021649360657, 0.29990798234939575, 0.2954757809638977, 0.3651585578918457, 0.3175014555454254, 0.270744264125824, 0.3286801278591156, 0.31653013825416565, 0.35232871770858765, 0.29412758350372314, 0.2732086181640625, 0.2715527415275574, 0.30482539534568787, 0.24263164401054382, 0.35491257905960083, 0.33693060278892517, 0.30219197273254395, 0.3551366925239563, 0.22733668982982635, 0.2933679521083832, 0.3143606185913086, 0.3101254999637604, 0.32120105624198914, 0.41708070039749146, 0.36113983392715454, 0.23527392745018005, 0.3155421316623688, 0.32641956210136414, 0.26117217540740967, 0.24169617891311646, 0.3539432883262634, 0.39352649450302124, 0.4256208539009094, 0.2455003559589386, 0.2600603699684143, 0.2864924967288971, 0.331789493560791, 0.30618974566459656, 0.3023861050605774, 0.29123732447624207, 0.28205588459968567, 0.3747139275074005, 0.3041846454143524, 0.25055012106895447, 0.2654969394207001, 0.39624398946762085, 