{"train": {"loss": {"steps": [16, 32, 48, 64, 80, 96, 112, 128, 144, 160, 176, 192, 208, 224, 240, 256, 272, 288, 304, 320, 336, 352, 368, 384, 400, 416, 432, 448, 464, 480, 496, 512, 528, 544, 560, 576, 592, 608, 624, 640, 656, 672, 688, 704, 720, 736, 752, 768, 784, 800, 816, 832, 848, 864, 880, 896, 912, 928, 944, 960, 976, 992, 1008, 1024, 1040, 1056, 1072, 1088, 1104, 1120, 1136, 1152, 1168, 1184, 1200, 1216, 1232, 1248, 1264, 1280, 1296, 1312, 1328, 1344, 1360, 1376, 1392, 1408, 1424, 1440, 1456, 1472, 1488, 1504, 1520, 1536, 1552, 1568, 1584, 1600, 1616, 1632, 1648, 1664, 1680, 1696, 1712, 1728, 1744, 1760, 1776, 1792, 1808, 1824, 1840, 1856, 1872, 1888, 1904, 1920, 1936, 1952, 1968, 1984, 2000, 2016, 2032, 2048, 2064, 2080, 2096, 2112, 2128, 2144, 2160, 2176, 2192, 2208, 2224, 2240, 2256, 2272, 2288, 2304, 2320, 2336, 2352, 2368, 2384, 2400, 2416, 2432, 2448, 2464, 2480, 2496, 2512, 2528, 2544, 2560, 2576, 2592, 2608, 2624, 2640, 2656, 2672, 2688, 2704, 2720, 2736, 2752, 2768, 2784, 2800, 2816, 2832, 2848, 2864, 2880, 2896, 2912, 2928, 2944, 2960, 2976, 2992, 3008, 3024, 3040, 3056, 3072, 3088, 3104, 3120, 3136, 3152, 3168, 3184, 3200, 3216, 3232, 3248, 3264, 3280, 3296, 3312, 3328, 3344, 3360, 3376, 3392, 3408, 3424, 3440, 3456, 3472, 3488, 3504, 3520, 3536, 3552, 3568, 3584, 3600, 3616, 3632, 3648, 3664, 3680, 3696, 3712, 3728, 3744, 3760, 3776, 3792, 3808, 3824, 3840, 3856, 3872, 3888, 3904, 3920, 3936, 3952, 3968, 3984, 4000, 4016, 4032, 4048, 4064, 4080, 4096, 4112, 4128, 4144, 4160, 4176, 4192, 4208, 4224, 4240, 4256, 4272, 4288, 4304, 4320, 4336, 4352, 4368, 4384, 4400, 4416, 4432, 4448, 4464, 4480, 4496, 4512, 4528, 4544, 4560, 4576, 4592, 4608, 4624, 4640, 4656, 4672, 4688, 4704, 4720, 4736, 4752, 4768, 4784, 4800, 4816, 4832, 4848, 4864, 4880, 4896, 4912, 4928, 4944, 4960, 4976, 4992, 5008, 5024, 5040, 5056, 5072, 5088, 5104, 5120, 5136, 5152, 5168, 5184, 5200, 5216, 5232, 5248, 5264, 5280, 5296, 5312, 5328, 5344, 5360, 5376, 5392, 5408, 5424, 5440], "values": [2.3799266815185547, 2.2577993869781494, 2.0802650451660156, 2.0222134590148926, 1.909164547920227, 1.7976534366607666, 1.7695107460021973, 1.699989676475525, 1.6421101093292236, 1.630059003829956, 1.5465338230133057, 1.4692355394363403, 1.445359706878662, 1.4099578857421875, 1.3419499397277832, 1.4092552661895752, 1.356137990951538, 1.3328229188919067, 1.2556544542312622, 1.1998156309127808, 1.2056087255477905, 1.1509830951690674, 1.1531022787094116, 1.1082110404968262, 1.1169135570526123, 1.1243844032287598, 1.0660054683685303, 1.0861186981201172, 1.0184531211853027, 1.0413260459899902, 1.0256555080413818, 0.9277815222740173, 0.9570819139480591, 0.9372382760047913, 0.878353476524353, 0.9521080851554871, 0.966172456741333, 0.9068427085876465, 0.8961464166641235, 0.8584317564964294, 0.8874870538711548, 0.7230733633041382, 0.8568031191825867, 0.7940089702606201, 0.9026151895523071, 0.8163054585456848, 0.7286465764045715, 0.718464732170105, 0.7217034101486206, 0.7573697566986084, 0.6665248274803162, 0.6590374708175659, 0.7459543943405151, 0.6847622394561768, 0.5813071727752686, 0.5708377957344055, 0.5825543999671936, 0.5831949710845947, 0.6175243854522705, 0.5999718904495239, 0.6045045852661133, 0.5207167863845825, 0.5677632093429565, 0.48382890224456787, 0.5584523677825928, 0.4408067464828491, 0.5355024933815002, 0.4614872336387634, 0.4842662215232849, 0.44715872406959534, 0.5160732269287109, 0.4129141867160797, 0.4173012375831604, 0.4450802206993103, 0.4441186785697937, 0.4724560081958771, 0.5357272624969482, 0.3779728412628174, 0.37844210863113403, 0.45259538292884827, 0.42972972989082336, 0.3927927315235138, 0.5105489492416382, 0.4598332643508911, 0.3577611446380615, 0.5132896304130554, 0.38603609800338745, 0.4169282913208008, 0.38953331112861633, 0.4153282642364502, 0.4945452809333801, 0.3939131796360016, 0.36305952072143555, 0.34610310196876526, 0.4611780047416687, 0.249898761510849, 0.4533810019493103, 0.37170785665512085, 0.321519136428833, 0.3616243600845337, 0.32032305002212524, 0.3998429775238037, 0.46256744861602783, 0.3081284165382385, 0.3389432430267334, 0.374712198972702, 0.42566734552383423, 0.3144403100013733, 0.26082488894462585, 0.3212473392486572, 0.30114978551864624, 0.2926503121852875, 0.3865838646888733, 0.2865713834762573, 0.414347767829895, 0.3640078008174896, 0.3700035810470581, 0.2880099415779114, 0.2645680606365204, 0.29660990834236145, 0.2355758547782898, 0.40479472279548645, 0.38439059257507324, 0.345215767621994, 0.30316162109375, 0.2799082398414612, 0.37845495343208313, 0.3039528727531433, 0.36137932538986206, 0.22222453355789185, 0.4234282374382019, 0.3660680055618286, 0.37071534991264343, 0.2783367931842804, 0.3529568314552307, 0.22810104489326477, 0.2801923155784607, 0.3456076383590698, 0.29779958724975586, 0.2794889807701111, 0.38457444310188293, 0.3027617931365967, 0.27549317479133606, 0.32674741744995117, 0.31227701902389526, 0.20600739121437073, 0.2156882882118225, 0.24003471434116364, 0.23842009902000427, 0.3399916887283325, 0.21217402815818787, 0.2495879828929901, 0.2434687316417694, 0.2797926664352417, 0.20499488711357117, 0.24227391183376312, 0.18022412061691284, 0.2616516351699829, 0.2021542191505432, 0.21334786713123322, 0.23606501519680023, 0.23747287690639496, 0.2155565619468689, 0.2365071177482605, 0.25737202167510986, 0.20739692449569702, 0.4075169265270233, 0.23910629749298096, 0.24400363862514496, 0.18568667769432068, 0.21661147475242615, 0.2619798183441162, 0.231265127658844, 0.25026607513427734, 0.25426480174064636, 0.21189597249031067, 0.22442981600761414, 0.23643088340759277, 0.22850766777992249, 0.24160701036453247, 0.24987609684467316, 0.20976920425891876, 0.23394761979579926, 0.20898786187171936, 0.3702411949634552, 0.19292908906936646, 0.25308263301849365, 0.1688545048236847, 0.22278432548046112, 0.2502388656139374, 0.21617195010185242, 0.20749633014202118, 0.17379829287528992, 0.2220926582813263, 0.1835450530052185, 0.19422544538974762, 0.1827870011329651, 0.2377638965845108, 0.2730860710144043, 0.19643807411193848, 0.17931433022022247, 0.19321560859680176, 0.22221232950687408, 0.21473097801208496, 0.19022320210933685, 0.19844280183315277, 0.1989164501428604, 0.162578746676445, 0.20482590794563293, 0.22316458821296692, 0.20065312087535858, 0.2313975691795349, 0.20015877485275269, 0.2125898152589798, 0.18910694122314453, 0.17661091685295105, 0.24731391668319702, 0.23928245902061462, 0.17982885241508484, 0.2727130651473999, 0.17327605187892914, 0.452205628156662, 0.1678662896156311, 0.18700022995471954, 0.1807190179824829, 0.173885777592659, 0.16987217962741852, 0.20725736021995544, 0.20555192232131958, 0.24970555305480957, 0.1661650687456131, 0.1591026484966278, 0.29976364970207214, 0.17096878588199615, 0.2014063596725464, 0.1709769070148468, 0.19815459847450256, 0.1687464714050293, 0.17880944907665253, 0.16959986090660095, 0.22953543066978455, 0.19099155068397522, 0.2565021812915802, 0.1685025990009308, 0.17370736598968506, 0.19950616359710693, 0.22415997087955475, 0.24514338374137878, 0.1380891054868698, 0.22616547346115112, 0.17063072323799133, 0.1657511591911316, 0.16694387793540955, 0.17139500379562378, 0.18015256524085999, 0.19968825578689575, 0.17494022846221924, 0.1578618884086609, 0.14860236644744873, 0.19422125816345215, 0.16326072812080383, 0.17206412553787231, 0.1790686696767807, 0.2126401662826538, 0.19256888329982758, 0.15808965265750885, 0.1565176546573639, 0.18972793221473694, 0.19240105152130127, 0.16446049511432648, 0.15635013580322266, 0.17978425323963165, 0.2030346393585205, 0.2183169424533844, 0.19754403829574585, 0.18393538892269135, 0.2014763504266739, 0.2346794307231903, 0.14221513271331787, 0.2121131718158722, 0.17186561226844788, 0.21687328815460205, 0.17255717515945435, 0.1918623447418213, 0.16829001903533936, 0.20196250081062317, 0.16021795570850372, 0.2038770616054535, 0.20319341123104095, 0.1866864562034607, 0.14227768778800964, 0.15940621495246887, 0.16057172417640686, 